{
  "dataset": "NSL-KDD",
  "seed": 42,
  "depths": [
    1,
    2,
    3
  ],
  "hidden_sizes": [
    64,
    128,
    256,
    512
  ],
  "methods": [
    "Replay",
    "iCaRL"
  ],
  "sweep": {
    "Replay": {
      "d1_h64": {
        "depth": 1,
        "hidden": 64,
        "avg_accuracy": 0.4914306695875415,
        "avg_forgetting": -0.02454558412452122,
        "acc_matrix": [
          [
            0.9366955914041116,
            NaN,
            NaN,
            NaN
          ],
          [
            0.6778288975598392,
            0.9553903345724907,
            NaN,
            NaN
          ],
          [
            0.7003668976763148,
            0.8872366790582404,
            0.0,
            NaN
          ],
          [
            0.858889988934832,
            0.8409748038000826,
            0.2658578856152513,
            0.0
          ]
        ],
        "time_sec": 15.04233980178833
      },
      "d1_h128": {
        "depth": 1,
        "hidden": 128,
        "avg_accuracy": 0.543905278916237,
        "avg_forgetting": 0.04880061737958069,
        "acc_matrix": [
          [
            0.9342496068953468,
            NaN,
            NaN,
            NaN
          ],
          [
            0.6650165977520237,
            0.9541511771995044,
            NaN,
            NaN
          ],
          [
            0.708054277561004,
            0.7430813713341594,
            0.4336221837088388,
            NaN
          ],
          [
            0.8570263816900588,
            0.8343659644774887,
            0.48422876949740035,
            0.0
          ]
        ],
        "time_sec": 10.702624559402466
      },
      "d1_h256": {
        "depth": 1,
        "hidden": 256,
        "avg_accuracy": 0.5284791012924902,
        "avg_forgetting": 0.08102906169204703,
        "acc_matrix": [
          [
            0.9347155087065401,
            NaN,
            NaN,
            NaN
          ],
          [
            0.6644342204880321,
            0.9553903345724907,
            NaN,
            NaN
          ],
          [
            0.8107273892027256,
            0.835605121850475,
            0.46689774696707104,
            NaN
          ],
          [
            0.8684409760642945,
            0.802147872779843,
            0.4433275563258232,
            0.0
          ]
        ],
        "time_sec": 11.63185739517212
      },
      "d1_h512": {
        "depth": 1,
        "hidden": 512,
        "avg_accuracy": 0.5346726255456856,
        "avg_forgetting": 0.08413997372235836,
        "acc_matrix": [
          [
            0.9332013278201619,
            NaN,
            NaN,
            NaN
          ],
          [
            0.6685690990623726,
            0.9570425444031392,
            NaN,
            NaN
          ],
          [
            0.8316929707064237,
            0.7562990499793474,
            0.5008665511265165,
            NaN
          ],
          [
            0.8525420767573234,
            0.8050392399834779,
            0.4811091854419411,
            0.0
          ]
        ],
        "time_sec": 13.880213499069214
      },
      "d2_h64": {
        "depth": 2,
        "hidden": 64,
        "avg_accuracy": 0.48394157711757263,
        "avg_forgetting": -0.0068075755140765875,
        "acc_matrix": [
          [
            0.9351814105177334,
            NaN,
            NaN,
            NaN
          ],
          [
            0.6490594607186535,
            0.9520859149111938,
            NaN,
            NaN
          ],
          [
            0.8215013685865704,
            0.9033457249070632,
            0.028076256499133447,
            NaN
          ],
          [
            0.842641663269466,
            0.7492771581990912,
            0.3438474870017331,
            0.0
          ]
        ],
        "time_sec": 9.36930251121521
      },
      "d2_h128": {
        "depth": 2,
        "hidden": 128,
        "avg_accuracy": 0.5558444134842023,
        "avg_forgetting": 0.2256425636017384,
        "acc_matrix": [
          [
            0.930347679226603,
            NaN,
            NaN,
            NaN
          ],
          [
            0.6587269233009143,
            0.9351507641470467,
            NaN,
            NaN
          ],
          [
            0.8044377147516161,
            0.714580751755473,
            0.9303292894280762,
            NaN
          ],
          [
            0.8742647487042106,
            0.7538207352333747,
            0.4908145580589255,
            0.1044776119402985
          ]
        ],
        "time_sec": 16.6175696849823
      },
      "d2_h256": {
        "depth": 2,
        "hidden": 256,
        "avg_accuracy": 0.6144951000021533,
        "avg_forgetting": 0.1672252170998708,
        "acc_matrix": [
          [
            0.9319783355657795,
            NaN,
            NaN,
            NaN
          ],
          [
            0.6747422980606838,
            0.9169764560099133,
            NaN,
            NaN
          ],
          [
            0.8455535495894241,
            0.6042957455596861,
            0.767417677642981,
            NaN
          ],
          [
            0.8759536427697863,
            0.7042544403139198,
            0.5344887348353553,
            0.34328358208955223
          ]
        ],
        "time_sec": 17.886523485183716
      },
      "d2_h512": {
        "depth": 2,
        "hidden": 512,
        "avg_accuracy": 0.6450522841526135,
        "avg_forgetting": 0.13654242308929737,
        "acc_matrix": [
          [
            0.9297653019626114,
            NaN,
            NaN,
            NaN
          ],
          [
            0.7979150893949101,
            0.9339116067740603,
            NaN,
            NaN
          ],
          [
            0.853124454021315,
            0.6951672862453532,
            0.6336221837088388,
            NaN
          ],
          [
            0.8648302370275465,
            0.7476249483684428,
            0.4752166377816291,
            0.4925373134328358
          ]
        ],
        "time_sec": 26.30619192123413
      },
      "d3_h64": {
        "depth": 3,
        "hidden": 64,
        "avg_accuracy": 0.5230110883335417,
        "avg_forgetting": -0.022125701097710653,
        "acc_matrix": [
          [
            0.9344243200745442,
            NaN,
            NaN,
            NaN
          ],
          [
            0.7067730475802224,
            0.899215200330442,
            NaN,
            NaN
          ],
          [
            0.8439811309766466,
            0.8108219743907477,
            0.19202772963604853,
            NaN
          ],
          [
            0.8632578184147691,
            0.7005369681949608,
            0.5282495667244368,
            0.0
          ]
        ],
        "time_sec": 14.37428092956543
      },
      "d3_h128": {
        "depth": 3,
        "hidden": 128,
        "avg_accuracy": 0.5190702571446577,
        "avg_forgetting": 0.09911453116049813,
        "acc_matrix": [
          [
            0.9329683769145652,
            NaN,
            NaN,
            NaN
          ],
          [
            0.6628035641488557,
            0.9359768690623709,
            NaN,
            NaN
          ],
          [
            0.8452041232310291,
            0.6092523750516315,
            0.5046793760831889,
            NaN
          ],
          [
            0.8782831518257527,
            0.7116893845518381,
            0.4863084922010399,
            0.0
          ]
        ],
        "time_sec": 17.8273823261261
      },
      "d3_h256": {
        "depth": 3,
        "hidden": 256,
        "avg_accuracy": 0.5887722220823474,
        "avg_forgetting": 0.1290701667261534,