{
  "dataset": "NSL-KDD",
  "seed": 42,
  "buffer_sizes": [
    25,
    50,
    100,
    200,
    500
  ],
  "sweep": {
    "Replay": {
      "buffer_sizes": [
        25,
        50,
        100,
        200,
        500
      ],
      "avg_accuracy": [
        0.5024757025412006,
        0.49070605711906445,
        0.5316158354179894,
        0.5558444134842023,
        0.5779121888962202
      ],
      "avg_forgetting": [
        0.13648376750496594,
        0.13990827807517556,
        0.14450114004955739,
        0.2256425636017384,
        0.11920183126378901
      ],
      "time_sec": [
        18.351288557052612,
        16.89047622680664,
        15.649028301239014,
        15.991235971450806,
        17.20508599281311
      ]
    },
    "Replay-Herding": {
      "buffer_sizes": [
        25,
        50,
        100,
        200,
        500
      ],
      "avg_accuracy": [
        0.51907418041399,
        0.5296828172774619,
        0.5317140500241684,
        0.5270042829872879,
        0.6184495249104434
      ],
      "avg_forgetting": [
        0.10978674263794475,
        0.07570933247312174,
        0.07411227881392717,
        0.21754294662488313,
        0.17105622908513363
      ],
      "time_sec": [
        20.772462368011475,
        28.50077533721924,
        34.2322781085968,
        42.24697017669678,
        120.30539059638977
      ]
    },
    "Replay-DPMeans": {
      "buffer_sizes": [
        25,
        50,
        100,
        200,
        500
      ],
      "avg_accuracy": [
        0.3858203914947247,
        0.43333566200941936,
        0.5341061220901391,
        0.5095771951944559,
        0.5349658030360531
      ],
      "avg_forgetting": [
        0.28154949643146143,
        0.18526805270781777,
        0.08072538836476455,
        0.16020419774507572,
        0.125389907406947
      ],
      "time_sec": [
        24.342121839523315,
        25.016416549682617,
        24.365691900253296,
        22.43761134147644,
        24.88633918762207
      ]
    },
    "iCaRL": {
      "buffer_sizes": [
        25,
        50,
        100,
        200,
        500
      ],
      "avg_accuracy": [
        0.5450105018328832,
        0.5716582028649491,
        0.5808212971546014,
        0.5725669914821951,
        0.6735966181811335
      ],
      "avg_forgetting": [
        0.17114331572940297,
        0.16128718259471084,
        0.2209142906626437,
        0.15507184184404518,
        0.014049404667441276
      ],
      "time_sec": [
        21.638529062271118,
        26.847525119781494,
        33.45176577568054,
        58.99528121948242,
        95.44208455085754
      ]
    }
  }
}