{
  "dataset": "CIC-IDS-2018",
  "class_order": [
    "Normal",
    "DoS",
    "DDoS",
    "Bruteforce",
    "WebAttack",
    "Infiltration",
    "Botnet"
  ],
  "tasks": [
    [
      "Normal",
      "DoS"
    ],
    [
      "DDoS",
      "Bruteforce"
    ],
    [
      "WebAttack",
      "Infiltration"
    ],
    [
      "Botnet"
    ]
  ],
  "seeds": [
    42,
    0,
    1,
    2,
    3
  ],
  "results": {
    "Joint (upper bound)": {
      "acc_matrix": [
        [
          NaN,
          NaN,
          NaN,
          NaN
        ],
        [
          NaN,
          NaN,
          NaN,
          NaN
        ],
        [
          NaN,
          NaN,
          NaN,
          NaN
        ],
        [
          0.7731600000000001,
          0.74378,
          0.8219516984095818,
          0.9997199999999999
        ]
      ],
      "acc_matrix_std": [
        [
          NaN,
          NaN,
          NaN,
          NaN
        ],
        [
          NaN,
          NaN,
          NaN,
          NaN
        ],
        [
          NaN,
          NaN,
          NaN,
          NaN
        ],
        [
          0.09544617016936824,
          0.09187816171430509,
          0.014958645513740512,
          9.797958971131634e-05
        ]
      ],
      "avg_accuracy": 0.8346529246023954,
      "avg_accuracy_std": 0.00263080830632731,
      "avg_forgetting": 0.0,
      "avg_forgetting_std": 0.0,
      "per_class_accuracy": [
        0.66532,
        0.881,
        1.0,
        0.48756000000000005,
        0.8838709677419354,
        0.8208,
        0.9997199999999999
      ],
      "per_class_accuracy_std": [
        0.01381888562800923,
        0.1792624556341902,
        0.0,
        0.1837563234286102,
        0.09793804332675866,
        0.015538983235720423,
        9.797958971131634e-05
      ],
      "time_sec": 333.21346068382263,
      "per_seed": {
        "avg_accuracy": [
          0.8324102125466326,
          0.8376697403298645,
          0.8374080208128805,
          0.8310639554290202,
          0.8347126938935795
        ],
        "avg_forgetting": [
          0.0,
          0.0,
          0.0,
          0.0,
          0.0
        ]
      }
    },
    "Naive (lower bound)": {
      "acc_matrix": [
        [
          1.0,
          NaN,
          NaN,
          NaN
        ],
        [
          0.013189999999999999,
          1.0,
          NaN,
          NaN
        ],
        [
          0.0,
          0.0,
          0.9926369526801493,
          NaN
        ],
        [
          0.0,
          0.0,
          0.12949145886510896,
          1.0
        ]
      ],
      "acc_matrix_std": [
        [
          0.0,
          NaN,
          NaN,
          NaN
        ],
        [
          0.020449361848233795,
          0.0,
          NaN,
          NaN
        ],
        [
          0.0,
          0.0,
          0.0005120127551700515,
          NaN
        ],
        [
          0.0,
          0.0,
          0.12741552496600989,
          0.0
        ]
      ],
      "avg_accuracy": 0.2823728647162772,
      "avg_accuracy_std": 0.03185388124150247,
      "avg_forgetting": 0.9543818312716802,
      "avg_forgetting_std": 0.042486942410869276,
      "per_class_accuracy": [
        0.0,
        0.0,
        0.0,
        0.0,
        0.0,
        0.1319,
        1.0
      ],
      "per_class_accuracy_std": [
        0.0,
        0.0,
        0.0,
        0.0,
        0.0,
        0.12978545373037764,
        0.0
      ],
      "time_sec": 59.06446352005005,
      "per_seed": {
        "avg_accuracy": [
          0.311628706067151,
          0.26806400942470054,
          0.2535833496956607,
          0.32858825839387396,
          0.25
        ],
        "avg_forgetting": [
          0.9156031153871327,
          0.9735257543032921,
          0.9928660252634335,
          0.8925322337849336,
          0.9973820276196087
        ]
      }
    },
    "EWC": {
      "acc_matrix": [
        [
          1.0,
          NaN,
          NaN,
          NaN
        ],
        [
          0.01225,
          1.0,
          NaN,
          NaN
        ],
        [
          0.0,
          0.0,
          0.9922835264087964,
          NaN
        ],
        [
          0.0,
          0.0,
          0.004653445906145691,
          1.0
        ]
      ],
      "acc_matrix_std": [
        [
          0.0,
          NaN,
          NaN,
          NaN
        ],
        [
          0.018485561933573993,
          0.0,
          NaN,
          NaN
        ],
        [
          0.0,
          0.0,
          0.00037563570527603736,
          NaN
        ],
        [
          0.0,
          0.0,
          0.009306891812291383,
          0.0
        ]
      ],
      "avg_accuracy": 0.2511633614765364,
      "avg_accuracy_std": 0.002326722953072835,
      "avg_forgetting": 0.9958766935008836,
      "avg_forgetting_std": 0.0030453979363709747,
      "per_class_accuracy": [
        0.0,
        0.0,
        0.0,
        0.0,
        0.0,
        0.004739999999999999,
        1.0
      ],
      "per_class_accuracy_std": [
        0.0,
        0.0,
        0.0,
        0.0,
        0.0,
        0.009479999999999999,
        0.0
      ],
      "time_sec": 47.39723272323609,
      "per_seed": {
        "avg_accuracy": [
          0.25,
          0.2558168073826821,
          0.25,
          0.25,
          0.25
        ],
        "avg_forgetting": [
          0.9973165783100989,
          0.9897899077164736,
          0.9976111002028928,
          0.9973165783100989,
          0.9973493029648538
        ]
      }
    },
    "LwF": {
      "acc_matrix": [
        [
          1.0,
          NaN,
          NaN,
          NaN
        ],
        [
          0.005730000000000001,
          1.0,
          NaN,
          NaN
        ],
        [
          0.0,
          0.005939999999999999,
          0.9919104653445906,
          NaN
        ],
        [
          0.0,
          0.0,
          0.06440212055762813,
          1.0
        ]
      ],
      "acc_matrix_std": [
        [
          0.0,
          NaN,
          NaN,
          NaN
        ],
        [
          0.008141228408538849,
          0.0,
          NaN,
          NaN
        ],
        [
          0.0,
          0.0073787803870287395,
          0.0005434263696484565,
          NaN
        ],
        [
          0.0,
          0.0,
          0.08783578002948055,
          0.0
        ]
      ],
      "avg_accuracy": 0.266100530139407,
      "avg_accuracy_std": 0.021958945007370133,
      "avg_forgetting": 0.9758361149289876,
      "avg_forgetting_std": 0.029140547843878678,
      "per_class_accuracy": [
        0.0,
        0.0,
        0.0,
        0.0,
        0.03870967741935484,
        0.06488000000000001,
        1.0
      ],
      "per_class_accuracy_std": [
        0.0,
        0.0,
        0.0,
        0.0,
        0.07741935483870967,
        0.0899650020841438,
        0.0
      ],
      "time_sec": 47.23966355323792,
      "per_seed": {
        "avg_accuracy": [
          0.251300805026507,
          0.3065972903985863,
          0.25,
          0.25019634792852935,
          0.27240820734341253
        ],
        "avg_forgetting": [
          0.9953203743700504,
          0.9221480463381111,
          0.9973165783100989,
          0.9970547810720597,
          0.9673407945546174
        ]
      }
    },
    "Replay": {
      "acc_matrix": [
        [
          1.0,
          NaN,
          NaN,
          NaN
        ],
        [
          0.49455,
          1.0,
          NaN,
          NaN
        ],
        [
          0.45143000000000005,
          0.71082,
          0.9920871784802671,
          NaN
        ],
        [
          0.66628,
          0.8244900000000002,
          0.6349302964853721,
          0.9999600000000001
        ]
      ],