{
  "dataset": "CIC-IDS-2018",
  "seed": 42,
  "class_order": [
    "Normal",
    "DoS",
    "DDoS",
    "Bruteforce",
    "WebAttack",
    "Infiltration",
    "Botnet"
  ],
  "tasks": [
    [
      "Normal",
      "DoS"
    ],
    [
      "DDoS",
      "Bruteforce"
    ],
    [
      "WebAttack",
      "Infiltration"
    ],
    [
      "Botnet"
    ]
  ],
  "results": {
    "Joint (upper bound)": {
      "acc_matrix": [
        [
          NaN,
          NaN,
          NaN,
          NaN
        ],
        [
          NaN,
          NaN,
          NaN,
          NaN
        ],
        [
          NaN,
          NaN,
          NaN,
          NaN
        ],
        [
          0.82475,
          0.7089,
          0.7961908501865306,
          0.9998
        ]
      ],
      "avg_accuracy": 0.8324102125466326,
      "avg_forgetting": 0.0,
      "per_class_accuracy": [
        0.6855,
        0.964,
        1.0,
        0.4178,
        0.9354838709677419,
        0.7936,
        0.9998
      ],
      "time_sec": 91.5240752696991
    },
    "Naive (lower bound)": {
      "acc_matrix": [
        [
          1.0,
          NaN,
          NaN,
          NaN
        ],
        [
          0.01315,
          1.0,
          NaN,
          NaN
        ],
        [
          0.0,
          0.0,
          0.993324170430002,
          NaN
        ],
        [
          0.0,
          0.0,
          0.24651482426860397,
          1.0
        ]
      ],
      "avg_accuracy": 0.311628706067151,
      "avg_forgetting": 0.9156031153871327,
      "per_class_accuracy": [
        0.0,
        0.0,
        0.0,
        0.0,
        0.0,
        0.2511,
        1.0
      ],
      "time_sec": 20.330618619918823
    },
    "EWC": {
      "acc_matrix": [
        [
          1.0,
          NaN,
          NaN,
          NaN
        ],
        [
          0.01355,
          1.0,
          NaN,
          NaN
        ],
        [
          0.0,
          0.0,
          0.9919497349302965,
          NaN
        ],
        [
          0.0,
          0.0,
          0.0,
          1.0
        ]
      ],
      "avg_accuracy": 0.25,
      "avg_forgetting": 0.9973165783100989,
      "per_class_accuracy": [
        0.0,
        0.0,
        0.0,
        0.0,
        0.0,
        0.0,
        1.0
      ],
      "time_sec": 29.62712836265564
    },
    "LwF": {
      "acc_matrix": [
        [
          1.0,
          NaN,
          NaN,
          NaN
        ],
        [
          0.0078,
          1.0,
          NaN,
          NaN
        ],
        [
          0.0,
          0.0,
          0.9911643432161791,
          NaN
        ],
        [
          0.0,
          0.0,
          0.0052032201060278815,
          1.0
        ]
      ],
      "avg_accuracy": 0.251300805026507,
      "avg_forgetting": 0.9953203743700504,
      "per_class_accuracy": [
        0.0,
        0.0,
        0.0,
        0.0,
        0.1935483870967742,
        0.0017,
        1.0
      ],
      "time_sec": 34.36834239959717
    },
    "Replay": {
      "acc_matrix": [
        [
          1.0,
          NaN,
          NaN,
          NaN
        ],
        [
          0.4899,
          1.0,
          NaN,
          NaN
        ],
        [
          0.496,
          0.6658,
          0.9914588651089731,
          NaN
        ],
        [
          0.5308,
          0.94825,
          0.6810327901040644,
          1.0
        ]
      ],
      "avg_accuracy": 0.7900206975260161,
      "avg_forgetting": 0.27712535833496954,
      "per_class_accuracy": [
        0.6351,
        0.4265,
        0.9995,
        0.897,
        0.956989247311828,
        0.6759,
        1.0
      ],
      "time_sec": 29.17048478126526
    },
    "Replay-Herding": {
      "acc_matrix": [
        [
          1.0,
          NaN,
          NaN,
          NaN
        ],
        [
          0.4787,
          1.0,
          NaN,
          NaN
        ],
        [
          0.4966,
          0.6658,
          0.9916552130375025,
          NaN
        ],
        [
          0.42335,
          0.9531,
          0.7533870017671314,
          0.9999
        ]
      ],
      "avg_accuracy": 0.7824342504417829,
      "avg_forgetting": 0.28727273709012374,
      "per_class_accuracy": [
        0.4363,
        0.4104,
        0.9995,
        0.9067,
        1.0,
        0.7488,
        0.9999
      ],
      "time_sec": 91.60356211662292
    },
    "Replay-DPMeans": {
      "acc_matrix": [
        [
          1.0,
          NaN,
          NaN,
          NaN
        ],
        [
          0.48905,
          1.0,
          NaN,
          NaN
        ],
        [
          0.49705,
          0.6658,
          0.9913606911447084,
          NaN
        ],
        [
          0.83065,
          0.66595,
          0.6502061653249558,
          0.9998
        ]
      ],
      "avg_accuracy": 0.7866515413312389,
      "avg_forgetting": 0.28151817527325085,
      "per_class_accuracy": [
        0.6693,
        0.992,
        0.9998,
        0.3321,
        0.9516129032258065,
        0.6446,
        0.9998
      ],
      "time_sec": 37.52843451499939
    },
    "iCaRL": {
      "acc_matrix": [
        [
          0.9999,
          NaN,
          NaN,
          NaN
        ],
        [
          0.9169,
          0.72715,
          NaN,
          NaN
        ],
        [
          0.756,
          0.6658,
          0.6057333595130572,
          NaN
        ],
        [
          0.71645,
          0.6658,
          0.6477518162183389,
          0.9986
        ]
      ],
      "avg_accuracy": 0.7571504540545847,
      "avg_forgetting": 0.10092718109823944,
      "per_class_accuracy": [
        0.0388,
        0.0,
        0.9995,
        1.0,
        0.9301075268817204,
        0.9516,
        0.9999
      ],
      "time_sec": 97.88551330566406
    }
  }
}