{
  "dataset": "CIC-IDS-2017",
  "seed": 42,
  "class_order": [
    "Normal",
    "DoS",
    "DDoS",
    "Bruteforce",
    "PortScan",
    "WebAttack",
    "Botnet",
    "Infiltration"
  ],
  "tasks": [
    [
      "Normal",
      "DoS"
    ],
    [
      "DDoS",
      "Bruteforce"
    ],
    [
      "PortScan",
      "WebAttack"
    ],
    [
      "Botnet",
      "Infiltration"
    ]
  ],
  "results": {
    "Joint (upper bound)": {
      "acc_matrix": [
        [
          NaN,
          NaN,
          NaN,
          NaN
        ],
        [
          NaN,
          NaN,
          NaN,
          NaN
        ],
        [
          NaN,
          NaN,
          NaN,
          NaN
        ],
        [
          0.995616802258011,
          0.9988016354151981,
          0.9995906929882561,
          0.6432160804020101
        ]
      ],
      "avg_accuracy": 0.9093063027658688,
      "avg_forgetting": 0.0,
      "per_class_accuracy": [
        0.99165,
        0.9987684973681596,
        0.9994922866627611,
        0.9924105529454282,
        0.9995906929882561,
        NaN,
        0.649616368286445,
        0.2857142857142857
      ],
      "time_sec": 163.41435885429382
    },
    "Naive (lower bound)": {
      "acc_matrix": [
        [
          0.9928385632851846,
          NaN,
          NaN,
          NaN
        ],
        [
          0.06813880126182965,
          0.9999295079655999,
          NaN,
          NaN
        ],
        [
          0.0,
          0.18863668405470183,
          1.0,
          NaN
        ],
        [
          2.213736233327799e-05,
          0.14316932186662906,
          0.979723560341299,
          0.0
        ]
      ],
      "avg_accuracy": 0.2807287548925653,
      "avg_forgetting": 0.6232843505601744,
      "per_class_accuracy": [
        5e-05,
        0.0,
        0.12727982815856279,
        0.29020599927719554,
        0.979723560341299,
        NaN,
        0.0,
        0.0
      ],
      "time_sec": 41.72025966644287
    },
    "EWC": {
      "acc_matrix": [
        [
          0.9928385632851846,
          NaN,
          NaN,
          NaN
        ],
        [
          0.15876916265426974,
          0.9999295079655999,
          NaN,
          NaN
        ],
        [
          0.14540926448613647,
          0.04934442408007895,
          1.0,
          NaN
        ],
        [
          0.2071282306713155,
          0.12202171154659523,
          0.9993073265955102,
          0.0
        ]
      ],
      "avg_accuracy": 0.33211431720335527,
      "avg_forgetting": 0.5547702674791212,
      "per_class_accuracy": [
        0.059975,
        0.32404409573939813,
        0.13520796719390743,
        0.0,
        0.9993073265955102,
        NaN,
        0.0,
        0.0
      ],
      "time_sec": 46.24295616149902
    },
    "LwF": {
      "acc_matrix": [
        [
          0.9928385632851846,
          NaN,
          NaN,
          NaN
        ],
        [
          0.17355692069289944,
          0.9999647539827999,
          NaN,
          NaN
        ],
        [
          0.026907963916099398,
          0.02735090934724376,
          1.0,
          NaN
        ],
        [
          0.019879351375283634,
          0.02735090934724376,
          1.0,
          0.0
        ]
      ],
      "avg_accuracy": 0.26180756518063186,
      "avg_forgetting": 0.648524352181819,
      "per_class_accuracy": [
        0.0449,
        0.0,
        0.0,
        0.2804481387784604,
        1.0,
        NaN,
        0.0,
        0.0
      ],
      "time_sec": 47.2237184047699
    },
    "Replay": {
      "acc_matrix": [
        [
          0.9928385632851846,
          NaN,
          NaN,
          NaN
        ],
        [
          0.9038352980242405,
          0.9999295079655999,
          NaN,
          NaN
        ],
        [
          0.8806132049366318,
          0.9973213026927957,
          0.9999370296905009,
          NaN
        ],
        [
          0.9117272676960541,
          0.998131961088397,
          0.9952142564780706,
          0.3844221105527638
        ]
      ],
      "avg_accuracy": 0.8223738989538213,
      "avg_forgetting": 0.029210538559587922,
      "per_class_accuracy": [
        0.814525,
        0.988956202204787,
        0.9983206404999023,
        0.996385977593061,
        0.9952142564780706,
        NaN,
        0.391304347826087,
        0.0
      ],
      "time_sec": 41.893150806427
    },
    "Replay-Herding": {
      "acc_matrix": [
        [
          0.9928385632851846,
          NaN,
          NaN,
          NaN
        ],
        [
          0.5698378438209087,
          0.9999295079655999,
          NaN,
          NaN
        ],
        [
          0.7240909845591897,
          0.9849147046383758,
          0.9999685148452505,
          NaN
        ],
        [
          0.7218551109635287,
          0.9905893134075849,
          0.9996536632977551,
          0.4547738693467337
        ]
      ],
      "avg_accuracy": 0.7917179892539006,
      "avg_forgetting": 0.09354616614238875,
      "per_class_accuracy": [
        0.564275,
        0.8470553183037044,
        0.9910173794180824,
        0.986628117094326,
        0.9996536632977551,
        NaN,
        0.4629156010230179,
        0.0
      ],
      "time_sec": 130.98533463478088
    },
    "Replay-DPMeans": {
      "acc_matrix": [
        [
          0.9928385632851846,
          NaN,
          NaN,
          NaN
        ],
        [
          0.9117161990148874,
          0.9999295079655999,
          NaN,
          NaN
        ],
        [
          0.845591897725386,
          0.9980262230367969,
          0.9999685148452505,
          NaN
        ],
        [
          0.8761414577453096,
          0.998766389397998,
          0.996064355656308,
          0.38944723618090454
        ]
      ],
      "avg_accuracy": 0.81510485974513,
      "avg_forgetting": 0.040588127765473124,
      "per_class_accuracy": [
        0.739175,
        0.9849637501241434,
        0.9988283538371412,
        0.9981929887965305,
        0.996064355656308,
        NaN,
        0.39641943734015345,
        0.0
      ],
      "time_sec": 110.04677438735962
    },
    "iCaRL": {
      "acc_matrix": [
        [
          0.9902706292545244,
          NaN,
          NaN,
          NaN
        ],
        [
          0.6935524932204328,
          0.596926547300155,
          NaN,
          NaN
        ],
        [
          0.6645636172450052,
          0.8419921048921472,
          0.9941122760618368,
          NaN
        ],
        [
          0.598804582434003,
          0.660651346397857,
          0.8546960108308932,
          0.135678391959799
        ]
      ],
      "avg_accuracy": 0.5624575829056381,
      "avg_forgetting": 0.23740769018191835,
      "per_class_accuracy": [
        0.678925,
        0.804449299831165,
        0.9918765866041789,
        0.9971087820744489,
        0.8690532413966815,
        NaN,
        0.7340153452685422,
        0.0
      ],
      "time_sec": 136.1875205039978
    }
  }
}