{
  "dataset": "CIC-IDS-2017",
  "class_order": [
    "Normal",
    "DoS",
    "DDoS",
    "Bruteforce",
    "PortScan",
    "WebAttack",
    "Botnet",
    "Infiltration"
  ],
  "tasks": [
    [
      "Normal",
      "DoS"
    ],
    [
      "DDoS",
      "Bruteforce"
    ],
    [
      "PortScan",
      "WebAttack"
    ],
    [
      "Botnet",
      "Infiltration"
    ]
  ],
  "seeds": [
    42,
    0,
    1,
    2,
    3
  ],
  "results": {
    "Joint (upper bound)": {
      "acc_matrix": [
        [
          NaN,
          NaN,
          NaN,
          NaN
        ],
        [
          NaN,
          NaN,
          NaN,
          NaN
        ],
        [
          NaN,
          NaN,
          NaN,
          NaN
        ],
        [
          0.9951806962200453,
          0.9990060623149585,
          0.9995780989263562,
          0.6793969849246231
        ]
      ],
      "acc_matrix_std": [
        [
          NaN,
          NaN,
          NaN,
          NaN
        ],
        [
          NaN,
          NaN,
          NaN,
          NaN
        ],
        [
          NaN,
          NaN,
          NaN,
          NaN
        ],
        [
          0.0012259702439513165,
          0.0003123998280862717,
          1.5424512721817148e-05,
          0.01963017586394433
        ]
      ],
      "avg_accuracy": 0.9182904605964959,
      "avg_accuracy_std": 0.004941296550013343,
      "avg_forgetting": 0.0,
      "avg_forgetting_std": 0.0,
      "per_class_accuracy": [
        0.9899100000000001,
        0.9993683583275399,
        0.9995625854325325,
        0.9938561619082039,
        0.9995780989263562,
        NaN,
        0.6823529411764706,
        0.5142857142857142
      ],
      "per_class_accuracy_std": [
        0.0030229373132765825,
        0.00036287813277726327,
        0.000350537874201414,
        0.0012519340857021154,
        1.5424512721817148e-05,
        NaN,
        0.018471069140938937,
        0.1456862718169367
      ],
      "time_sec": 357.5442610740662,
      "per_seed": {
        "avg_accuracy": [
          0.9093063027658688,
          0.9213388428956157,
          0.9187817812010232,
          0.9180961926677148,
          0.9239291834522565
        ],
        "avg_forgetting": [
          0.0,
          0.0,
          0.0,
          0.0,
          0.0
        ]
      }
    },
    "Naive (lower bound)": {
      "acc_matrix": [
        [
          0.9949703912778792,
          NaN,
          NaN,
          NaN
        ],
        [
          0.07892855166306934,
          0.9999154095587199,
          NaN,
          NaN
        ],
        [
          0.010816315236039625,
          0.0858099534752573,
          1.0,
          NaN
        ],
        [
          0.05769217997675578,
          0.08134780769773016,
          0.9927143351909574,
          0.003015075376884422
        ]
      ],
      "acc_matrix_std": [
        [
          0.0010902420583290364,
          NaN,
          NaN,
          NaN
        ],
        [
          0.03572560386696121,
          1.7266951521102992e-05,
          NaN,
          NaN
        ],
        [
          0.005608689372465875,
          0.07902076125197467,
          0.0,
          NaN
        ],
        [
          0.03371282142047628,
          0.0669229894003946,
          0.007931249844802686,
          0.006030150753768844
        ]
      ],
      "avg_accuracy": 0.283692349560582,
      "avg_accuracy_std": 0.012208502261728147,
      "avg_forgetting": 0.6210438259903852,
      "avg_forgetting_std": 0.016466320418636958,
      "per_class_accuracy": [
        0.07531000000000002,
        0.04369450789552091,
        0.06298769771528999,
        0.2512468377303939,
        0.9927143351909574,
        NaN,
        0.003069053708439898,
        0.0
      ],
      "per_class_accuracy_std": [
        0.04478387712112474,
        0.03661714807861717,
        0.07003296055187262,
        0.07936656518020768,
        0.007931249844802686,
        NaN,
        0.006138107416879796,
        0.0
      ],
      "time_sec": 92.53063716888428,
      "per_seed": {
        "avg_accuracy": [
          0.2807287548925653,
          0.2801618199872121,
          0.26849962566732777,
          0.3058938446490799,
          0.28317770260672465
        ],
        "avg_forgetting": [
          0.6232843505601744,
          0.6250283859602983,
          0.6404672915751445,
          0.5904909469915975,
          0.6259481548647116
        ]
      }
    },
    "EWC": {
      "acc_matrix": [
        [
          0.9949703912778792,
          NaN,
          NaN,
          NaN
        ],
        [
          0.11757595882450604,
          0.9999154095587199,
          NaN,
          NaN
        ],
        [
          0.18851292268526204,
          0.02761877907796419,
          0.99999370296905,
          NaN
        ],
        [
          0.24847639603741217,
          0.11636120118426616,
          0.9521992380592552,
          0.0
        ]
      ],
      "acc_matrix_std": [
        [
          0.0010902420583290364,
          NaN,
          NaN,
          NaN
        ],
        [
          0.030808535107194304,
          1.7266951521102996e-05,
          NaN,
          NaN
        ],
        [
          0.10396921360006221,
          0.022712415340334653,
          1.2594061899795506e-05,
          NaN
        ],
        [
          0.050420940440199506,
          0.11268772395325603,
          0.05113598344411839,
          0.0
        ]
      ],
      "avg_accuracy": 0.32925920882023335,
      "avg_accuracy_std": 0.01861397590165658,
      "avg_forgetting": 0.5592808895082386,
      "avg_forgetting_std": 0.024795061544198485,
      "per_class_accuracy": [
        0.19242499999999998,
        0.29301022941702254,
        0.11356375707869557,
        0.142247921937116,
        0.9521992380592552,
        NaN,
        0.0,
        0.0
      ],
      "per_class_accuracy_std": [
        0.14049466893800633,
        0.03011507812044616,
        0.13368136981719672,
        0.13874807672454217,
        0.05113598344411839,
        NaN,
        0.0,
        0.0
      ],
      "time_sec": 101.61264944076538,
      "per_seed": {
        "avg_accuracy": [
          0.33211431720335527,
          0.3635328477905979,
          0.3093592019754972,
          0.3222481944227287,
          0.3190414827089877
        ],
        "avg_forgetting": [
          0.5547702674791212,
          0.513878764228184,
          0.5859878564975852,
          0.5686746522418159,
          0.5730929070944867
        ]
      }
    },
    "LwF": {
      "acc_matrix": [
        [
          0.9949703912778792,
          NaN,
          NaN,
          NaN
        ],
        [
          0.11518955116497868,
          0.9999295079655999,
          NaN,
          NaN
        ],
        [
          0.022000110686811666,
          0.027858451994924573,
          1.0,
          NaN
        ],
        [
          0.025420333167303116,
          0.036768645143098834,
          0.9999937029690502,
          0.0
        ]
      ],
      "acc_matrix_std": [
        [
          0.0010902420583290364,
          NaN,
          NaN,
          NaN
        ],
        [
          0.0325386804742859,
          2.2291538560334242e-05,
          NaN,
          NaN
        ],
        [
          0.0045302293339877205,
          0.0005815486030915787,
          0.0,
          NaN
        ],
        [
          0.012864656480577193,
          0.010821328609703371,
          1.2594061899795506e-05,
          0.0
        ]
      ],
      "avg_accuracy": 0.265545670319863,
      "avg_accuracy_std": 0.003220185869338105,
      "avg_forgetting": 0.6442390726546756,
      "avg_forgetting_std": 0.004131172527898483,
      "per_class_accuracy": [
        0.04765,
        0.007758466580593902,
        0.0002577621558289396,
        0.3746295627032888,
        0.9999937029690502,
        NaN,
        0.0,
        0.0
      ],