{
  "config": {
    "dataset": "UNSW-NB15",
    "seed": 42,
    "tasks": [
      [
        0,
        1
      ],
      [
        2,
        3
      ],
      [
        4,
        5
      ],
      [
        6,
        7
      ],
      [
        8,
        9
      ]
    ],
    "smoke": false,
    "top_k": 15,
    "score": "decision-level joint head+router (PILoRADecisionScore)",
    "head_weight": 1.0,
    "router_weight": 0.5
  },
  "decision_level_transitions": [
    {
      "from": 0,
      "to": 1,
      "per_class": {
        "0": {
          "cosine": 0.9664359931651397,
          "kendall_tau": 0.972077922077922,
          "top15_jaccard": 0.6666666666666666,
          "acc_change": -0.2424
        },
        "1": {
          "cosine": 0.9960684093858873,
          "kendall_tau": 0.9883889695210448,
          "top15_jaccard": 0.875,
          "acc_change": -0.0197
        }
      }
    },
    {
      "from": 1,
      "to": 2,
      "per_class": {
        "0": {
          "cosine": 0.997981799261453,
          "kendall_tau": 0.9900432900432901,
          "top15_jaccard": 1.0,
          "acc_change": -0.0086
        },
        "1": {
          "cosine": 0.9982276880367104,
          "kendall_tau": 0.9921848833314724,
          "top15_jaccard": 1.0,
          "acc_change": 0.0
        },
        "2": {
          "cosine": 0.9984529814123019,
          "kendall_tau": 0.9711640861800606,
          "top15_jaccard": 0.875,
          "acc_change": -0.1214
        },
        "3": {
          "cosine": 0.9985731744157134,
          "kendall_tau": 0.969620253164557,
          "top15_jaccard": 1.0,
          "acc_change": -0.0762
        }
      }
    },
    {
      "from": 2,
      "to": 3,
      "per_class": {
        "0": {
          "cosine": 0.9978126989935928,
          "kendall_tau": 0.9928571428571429,
          "top15_jaccard": 1.0,
          "acc_change": -0.0046
        },
        "1": {
          "cosine": 0.9993020525088533,
          "kendall_tau": 0.9941944847605223,
          "top15_jaccard": 0.875,
          "acc_change": -0.0006
        },
        "2": {
          "cosine": 0.9983197970204181,
          "kendall_tau": 0.9714917670189235,
          "top15_jaccard": 0.875,
          "acc_change": 0.0261
        },
        "3": {
          "cosine": 0.9976483723896825,
          "kendall_tau": 0.9713080168776372,
          "top15_jaccard": 0.875,
          "acc_change": -0.0097
        },
        "4": {
          "cosine": 0.9958160451040021,
          "kendall_tau": 0.931653712141517,
          "top15_jaccard": 0.875,
          "acc_change": -0.0147
        },
        "5": {
          "cosine": 0.9959878315980744,
          "kendall_tau": 0.9873391872575046,
          "top15_jaccard": 0.7647058823529411,
          "acc_change": 0.0023
        }
      }
    },
    {
      "from": 3,
      "to": 4,
      "per_class": {
        "0": {
          "cosine": 0.9995693241575235,
          "kendall_tau": 0.9958874458874458,
          "top15_jaccard": 1.0,
          "acc_change": -0.006
        },
        "1": {
          "cosine": 0.9993648077085772,
          "kendall_tau": 0.9957575080942278,
          "top15_jaccard": 1.0,
          "acc_change": -0.0019
        },
        "2": {
          "cosine": 0.9981178500852619,
          "kendall_tau": 0.9642827885639387,
          "top15_jaccard": 0.875,
          "acc_change": -0.0158
        },
        "3": {
          "cosine": 0.9991198549505733,
          "kendall_tau": 0.9783966244725739,
          "top15_jaccard": 0.875,
          "acc_change": -0.0092
        },
        "4": {
          "cosine": 0.996513636377444,
          "kendall_tau": 0.921602787456446,
          "top15_jaccard": 0.875,
          "acc_change": -0.0081
        },
        "5": {
          "cosine": 0.9985397431720587,
          "kendall_tau": 0.9924443536859302,
          "top15_jaccard": 1.0,
          "acc_change": -0.149
        },
        "6": {
          "cosine": 0.9932386970373349,
          "kendall_tau": 0.8039478086316493,
          "top15_jaccard": 0.875,
          "acc_change": 0.0
        },
        "7": {
          "cosine": 0.9953790724319318,
          "kendall_tau": 0.8414542075614146,
          "top15_jaccard": 1.0,
          "acc_change": 0.0
        }
      }
    }
  ],
  "oracle_vs_actual": {
    "0": {
      "0": {
        "oracle": 0.9992,
        "actual": 0.9441,
        "router_cost": 0.0551
      },
      "1": {
        "oracle": 0.9861,
        "actual": 0.9939,
        "router_cost": -0.0078
      }
    },
    "1": {
      "0": {
        "oracle": 0.9992,
        "actual": 0.7018,
        "router_cost": 0.2975
      },
      "1": {
        "oracle": 0.9861,
        "actual": 0.9742,
        "router_cost": 0.0119
      },
      "2": {
        "oracle": 0.9157,
        "actual": 0.6844,
        "router_cost": 0.2313
      },
      "3": {
        "oracle": 0.7705,
        "actual": 0.5579,
        "router_cost": 0.2126
      }
    },
    "2": {
      "0": {
        "oracle": 0.9992,
        "actual": 0.6931,
        "router_cost": 0.3061
      },
      "1": {
        "oracle": 0.9861,
        "actual": 0.9742,
        "router_cost": 0.0119
      },
      "2": {
        "oracle": 0.9157,
        "actual": 0.5631,
        "router_cost": 0.3527
      },
      "3": {
        "oracle": 0.7705,
        "actual": 0.4817,
        "router_cost": 0.2888
      },
      "4": {
        "oracle": 0.8765,
        "actual": 0.1832,
        "router_cost": 0.6933
      },
      "5": {
        "oracle": 0.9005,
        "actual": 0.6939,
        "router_cost": 0.2065
      }
    },
    "3": {
      "0": {
        "oracle": 0.9992,
        "actual": 0.6885,
        "router_cost": 0.3107
      },
      "1": {
        "oracle": 0.9861,
        "actual": 0.9736,
        "router_cost": 0.0125
      },
      "2": {
        "oracle": 0.9157,
        "actual": 0.5892,
        "router_cost": 0.3265
      },
      "3": {
        "oracle": 0.7705,
        "actual": 0.472,
        "router_cost": 0.2986
      },
      "4": {
        "oracle": 0.8765,
        "actual": 0.1685,
        "router_cost": 0.708
      },
      "5": {
        "oracle": 0.9005,
        "actual": 0.6962,
        "router_cost": 0.2042
      },
      "6": {
        "oracle": 0.4032,
        "actual": 0.0266,
        "router_cost": 0.3767
      },
      "7": {
        "oracle": 0.0686,
        "actual": 0.0051,
        "router_cost": 0.0635
      }
    },
    "4": {
      "0": {
        "oracle": 0.9992,
        "actual": 0.6825,
        "router_cost": 0.3167
      },
      "1": {
        "oracle": 0.9861,
        "actual": 0.9717,
        "router_cost": 0.0144
      },
      "2": {
        "oracle": 0.9157,
        "actual": 0.5734,
        "router_cost": 0.3423
      },
      "3": {
        "oracle": 0.7705,
        "actual": 0.4627,
        "router_cost": 0.3078
      },
      "4": {
        "oracle": 0.8765,
        "actual": 0.1604,
        "router_cost": 0.7161
      },
      "5": {
        "oracle": 0.9005,
        "actual": 0.5472,
        "router_cost": 0.3533
      },
      "6": {
        "oracle": 0.4032,
        "actual": 0.0266,
        "router_cost": 0.3767
      },
      "7": {
        "oracle": 0.0686,
        "actual": 0.0051,
        "router_cost": 0.0635
      },
      "8": {
        "oracle": 1.0,
        "actual": 0.3915,
        "router_cost": 0.6085
      },
      "9": {
        "oracle": 0.6591,
        "actual": 0.1364,
        "router_cost": 0.5227
      }
    }
  }
}