{
  "config": {
    "dataset": "CIC-IDS-2017",
    "seed": 2,
    "tasks": [
      [
        0,
        1
      ],
      [
        2,
        3
      ],
      [
        4,
        5
      ],
      [
        6,
        7
      ]
    ],
    "smoke": false,
    "top_k": 15,
    "score": "decision-level joint head+router (PILoRADecisionScore)",
    "head_weight": 1.0,
    "router_weight": 0.5
  },
  "decision_level_transitions": [
    {
      "from": 0,
      "to": 1,
      "per_class": {
        "0": {
          "cosine": 0.9939769415728827,
          "kendall_tau": 0.9455226421518556,
          "top15_jaccard": 0.875,
          "acc_change": -0.0343
        },
        "1": {
          "cosine": 0.9633694421686162,
          "kendall_tau": 0.8869594824651004,
          "top15_jaccard": 0.7647058823529411,
          "acc_change": 0.0868
        }
      }
    },
    {
      "from": 1,
      "to": 2,
      "per_class": {
        "0": {
          "cosine": 0.9971236462488693,
          "kendall_tau": 0.9536942458290772,
          "top15_jaccard": 1.0,
          "acc_change": -0.0893
        },
        "1": {
          "cosine": 0.9977870870278103,
          "kendall_tau": 0.9502894109635681,
          "top15_jaccard": 0.875,
          "acc_change": 0.0007
        },
        "2": {
          "cosine": 0.9951185030587969,
          "kendall_tau": 0.9550561797752808,
          "top15_jaccard": 0.6666666666666666,
          "acc_change": 0.0
        },
        "3": {
          "cosine": 0.9931518021371722,
          "kendall_tau": 0.9475655430711609,
          "top15_jaccard": 0.875,
          "acc_change": 0.0
        }
      }
    },
    {
      "from": 2,
      "to": 3,
      "per_class": {
        "0": {
          "cosine": 0.9979900430059352,
          "kendall_tau": 0.9632277834525024,
          "top15_jaccard": 1.0,
          "acc_change": -0.0272
        },
        "1": {
          "cosine": 0.9971073502779418,
          "kendall_tau": 0.957780047667688,
          "top15_jaccard": 1.0,
          "acc_change": 0.0002
        },
        "2": {
          "cosine": 0.9958492632613684,
          "kendall_tau": 0.9427987742594482,
          "top15_jaccard": 0.875,
          "acc_change": 0.0
        },
        "3": {
          "cosine": 0.9964811407764325,
          "kendall_tau": 0.9768471229145385,
          "top15_jaccard": 1.0,
          "acc_change": 0.0
        },
        "4": {
          "cosine": 0.9926094549429109,
          "kendall_tau": 0.9291794347974122,
          "top15_jaccard": 0.6666666666666666,
          "acc_change": -0.0018
        }
      }
    }
  ],
  "oracle_vs_actual": {
    "0": {
      "0": {
        "oracle": 0.9917,
        "actual": 0.9979,
        "router_cost": -0.0062
      },
      "1": {
        "oracle": 0.9997,
        "actual": 0.8978,
        "router_cost": 0.1018
      }
    },
    "1": {
      "0": {
        "oracle": 0.9917,
        "actual": 0.9636,
        "router_cost": 0.0281
      },
      "1": {
        "oracle": 0.9997,
        "actual": 0.9846,
        "router_cost": 0.0151
      },
      "2": {
        "oracle": 1.0,
        "actual": 0.9367,
        "router_cost": 0.0633
      },
      "3": {
        "oracle": 0.9986,
        "actual": 0.9957,
        "router_cost": 0.0029
      }
    },
    "2": {
      "0": {
        "oracle": 0.9917,
        "actual": 0.8743,
        "router_cost": 0.1174
      },
      "1": {
        "oracle": 0.9997,
        "actual": 0.9852,
        "router_cost": 0.0144
      },
      "2": {
        "oracle": 1.0,
        "actual": 0.9367,
        "router_cost": 0.0633
      },
      "3": {
        "oracle": 0.9986,
        "actual": 0.9957,
        "router_cost": 0.0029
      },
      "4": {
        "oracle": 1.0,
        "actual": 0.9414,
        "router_cost": 0.0586
      }
    },
    "3": {
      "0": {
        "oracle": 0.9917,
        "actual": 0.8471,
        "router_cost": 0.1446
      },
      "1": {
        "oracle": 0.9997,
        "actual": 0.9854,
        "router_cost": 0.0143
      },
      "2": {
        "oracle": 1.0,
        "actual": 0.9368,
        "router_cost": 0.0632
      },
      "3": {
        "oracle": 0.9986,
        "actual": 0.9957,
        "router_cost": 0.0029
      },
      "4": {
        "oracle": 1.0,
        "actual": 0.9397,
        "router_cost": 0.0603
      },
      "6": {
        "oracle": 0.9616,
        "actual": 0.2123,
        "router_cost": 0.7494
      },
      "7": {
        "oracle": 0.4286,
        "actual": 0.1429,
        "router_cost": 0.2857
      }
    }
  }
}