{
  "config": {
    "dataset": "CIC-IDS-2017",
    "seed": 0,
    "tasks": [
      [
        0,
        1
      ],
      [
        2,
        3
      ],
      [
        4,
        5
      ],
      [
        6,
        7
      ]
    ],
    "smoke": false,
    "top_k": 15,
    "score": "decision-level joint head+router (PILoRADecisionScore)",
    "head_weight": 1.0,
    "router_weight": 0.5
  },
  "decision_level_transitions": [
    {
      "from": 0,
      "to": 1,
      "per_class": {
        "0": {
          "cosine": 0.9951542830916835,
          "kendall_tau": 0.9319033026898194,
          "top15_jaccard": 1.0,
          "acc_change": -0.0353
        },
        "1": {
          "cosine": 0.9767419016976181,
          "kendall_tau": 0.90194075587334,
          "top15_jaccard": 0.7647058823529411,
          "acc_change": 0.0011
        }
      }
    },
    {
      "from": 1,
      "to": 2,
      "per_class": {
        "0": {
          "cosine": 0.9955993786151395,
          "kendall_tau": 0.9632277834525024,
          "top15_jaccard": 1.0,
          "acc_change": -0.0584
        },
        "1": {
          "cosine": 0.9946869862101725,
          "kendall_tau": 0.9625468164794007,
          "top15_jaccard": 1.0,
          "acc_change": 0.0002
        },
        "2": {
          "cosine": 0.9925272687888799,
          "kendall_tau": 0.9313186813186813,
          "top15_jaccard": 0.875,
          "acc_change": 0.0001
        },
        "3": {
          "cosine": 0.9873331592522889,
          "kendall_tau": 0.9305413687436158,
          "top15_jaccard": 0.875,
          "acc_change": 0.0
        }
      }
    },
    {
      "from": 2,
      "to": 3,
      "per_class": {
        "0": {
          "cosine": 0.9975712167152541,
          "kendall_tau": 0.9557371467483826,
          "top15_jaccard": 0.875,
          "acc_change": -0.0126
        },
        "1": {
          "cosine": 0.9983652626757732,
          "kendall_tau": 0.961184882533197,
          "top15_jaccard": 1.0,
          "acc_change": -0.0045
        },
        "2": {
          "cosine": 0.9923241246681563,
          "kendall_tau": 0.9361263736263735,
          "top15_jaccard": 1.0,
          "acc_change": -0.0005
        },
        "3": {
          "cosine": 0.9870839162075441,
          "kendall_tau": 0.9278175008512086,
          "top15_jaccard": 0.7647058823529411,
          "acc_change": 0.0
        },
        "4": {
          "cosine": 0.9838806549118876,
          "kendall_tau": 0.9031593406593407,
          "top15_jaccard": 0.875,
          "acc_change": 0.0019
        }
      }
    }
  ],
  "oracle_vs_actual": {
    "0": {
      "0": {
        "oracle": 0.9922,
        "actual": 0.9939,
        "router_cost": -0.0017
      },
      "1": {
        "oracle": 0.9996,
        "actual": 0.9803,
        "router_cost": 0.0193
      }
    },
    "1": {
      "0": {
        "oracle": 0.9922,
        "actual": 0.9586,
        "router_cost": 0.0336
      },
      "1": {
        "oracle": 0.9996,
        "actual": 0.9814,
        "router_cost": 0.0182
      },
      "2": {
        "oracle": 0.9993,
        "actual": 0.901,
        "router_cost": 0.0983
      },
      "3": {
        "oracle": 0.9989,
        "actual": 0.9989,
        "router_cost": 0.0
      }
    },
    "2": {
      "0": {
        "oracle": 0.9922,
        "actual": 0.9002,
        "router_cost": 0.092
      },
      "1": {
        "oracle": 0.9996,
        "actual": 0.9815,
        "router_cost": 0.0181
      },
      "2": {
        "oracle": 0.9993,
        "actual": 0.9011,
        "router_cost": 0.0982
      },
      "3": {
        "oracle": 0.9989,
        "actual": 0.9989,
        "router_cost": 0.0
      },
      "4": {
        "oracle": 1.0,
        "actual": 0.9286,
        "router_cost": 0.0714
      }
    },
    "3": {
      "0": {
        "oracle": 0.9922,
        "actual": 0.8876,
        "router_cost": 0.1046
      },
      "1": {
        "oracle": 0.9996,
        "actual": 0.9771,
        "router_cost": 0.0225
      },
      "2": {
        "oracle": 0.9993,
        "actual": 0.9006,
        "router_cost": 0.0987
      },
      "3": {
        "oracle": 0.9989,
        "actual": 0.9989,
        "router_cost": 0.0
      },
      "4": {
        "oracle": 1.0,
        "actual": 0.9305,
        "router_cost": 0.0695
      },
      "6": {
        "oracle": 0.9949,
        "actual": 0.1969,
        "router_cost": 0.798
      },
      "7": {
        "oracle": 0.2857,
        "actual": 0.1429,
        "router_cost": 0.1429
      }
    }
  }
}