{
  "config": {
    "dataset": "CIC-IDS-2017",
    "seed": 1,
    "tasks": [
      [
        0,
        1
      ],
      [
        2,
        3
      ],
      [
        4,
        5
      ],
      [
        6,
        7
      ]
    ],
    "smoke": false,
    "top_k": 15,
    "score": "decision-level joint head+router (PILoRADecisionScore)",
    "head_weight": 1.0,
    "router_weight": 0.5
  },
  "decision_level_transitions": [
    {
      "from": 0,
      "to": 1,
      "per_class": {
        "0": {
          "cosine": 0.9940132204022734,
          "kendall_tau": 0.9536942458290772,
          "top15_jaccard": 0.875,
          "acc_change": -0.081
        },
        "1": {
          "cosine": 0.9866197887225973,
          "kendall_tau": 0.9162410623084779,
          "top15_jaccard": 0.7647058823529411,
          "acc_change": -0.0109
        }
      }
    },
    {
      "from": 1,
      "to": 2,
      "per_class": {
        "0": {
          "cosine": 0.9986121069628912,
          "kendall_tau": 0.9761661559414367,
          "top15_jaccard": 1.0,
          "acc_change": -0.0769
        },
        "1": {
          "cosine": 0.9987376708373634,
          "kendall_tau": 0.9700374531835204,
          "top15_jaccard": 1.0,
          "acc_change": 0.0007
        },
        "2": {
          "cosine": 0.9969483188300283,
          "kendall_tau": 0.957780047667688,
          "top15_jaccard": 0.875,
          "acc_change": 0.0
        },
        "3": {
          "cosine": 0.9925369702461787,
          "kendall_tau": 0.9632277834525024,
          "top15_jaccard": 0.875,
          "acc_change": 0.0
        }
      }
    },
    {
      "from": 2,
      "to": 3,
      "per_class": {
        "0": {
          "cosine": 0.9960486199546749,
          "kendall_tau": 0.957780047667688,
          "top15_jaccard": 1.0,
          "acc_change": -0.0233
        },
        "1": {
          "cosine": 0.9981165875897052,
          "kendall_tau": 0.9659516513449097,
          "top15_jaccard": 1.0,
          "acc_change": 0.0184
        },
        "2": {
          "cosine": 0.9928280506290059,
          "kendall_tau": 0.9536942458290772,
          "top15_jaccard": 1.0,
          "acc_change": -0.0
        },
        "3": {
          "cosine": 0.993555172470178,
          "kendall_tau": 0.9489274770173646,
          "top15_jaccard": 0.7647058823529411,
          "acc_change": 0.0
        },
        "4": {
          "cosine": 0.9638420358479015,
          "kendall_tau": 0.8896833503575076,
          "top15_jaccard": 0.6666666666666666,
          "acc_change": -0.0007
        }
      }
    }
  ],
  "oracle_vs_actual": {
    "0": {
      "0": {
        "oracle": 0.9917,
        "actual": 0.9986,
        "router_cost": -0.0069
      },
      "1": {
        "oracle": 0.9996,
        "actual": 0.8978,
        "router_cost": 0.1017
      }
    },
    "1": {
      "0": {
        "oracle": 0.9917,
        "actual": 0.9176,
        "router_cost": 0.0741
      },
      "1": {
        "oracle": 0.9996,
        "actual": 0.8869,
        "router_cost": 0.1127
      },
      "2": {
        "oracle": 0.9998,
        "actual": 0.9661,
        "router_cost": 0.0337
      },
      "3": {
        "oracle": 1.0,
        "actual": 0.9989,
        "router_cost": 0.0011
      }
    },
    "2": {
      "0": {
        "oracle": 0.9917,
        "actual": 0.8407,
        "router_cost": 0.151
      },
      "1": {
        "oracle": 0.9996,
        "actual": 0.8876,
        "router_cost": 0.112
      },
      "2": {
        "oracle": 0.9998,
        "actual": 0.9661,
        "router_cost": 0.0337
      },
      "3": {
        "oracle": 1.0,
        "actual": 0.9989,
        "router_cost": 0.0011
      },
      "4": {
        "oracle": 1.0,
        "actual": 0.9431,
        "router_cost": 0.0569
      }
    },
    "3": {
      "0": {
        "oracle": 0.9917,
        "actual": 0.8174,
        "router_cost": 0.1743
      },
      "1": {
        "oracle": 0.9996,
        "actual": 0.906,
        "router_cost": 0.0936
      },
      "2": {
        "oracle": 0.9998,
        "actual": 0.9661,
        "router_cost": 0.0337
      },
      "3": {
        "oracle": 1.0,
        "actual": 0.9989,
        "router_cost": 0.0011
      },
      "4": {
        "oracle": 1.0,
        "actual": 0.9424,
        "router_cost": 0.0576
      },
      "6": {
        "oracle": 0.9949,
        "actual": 0.8056,
        "router_cost": 0.1893
      },
      "7": {
        "oracle": 0.5714,
        "actual": 0.2857,
        "router_cost": 0.2857
      }
    }
  }
}