{
  "config": {
    "dataset": "NF-ToN-IoT-v2",
    "seed": 1,
    "tasks": [
      [
        0,
        1
      ],
      [
        2,
        3
      ],
      [
        4,
        5
      ],
      [
        6,
        7
      ],
      [
        8,
        9
      ]
    ],
    "smoke": false,
    "top_k": 15,
    "score": "decision-level joint head+router (PILoRADecisionScore)",
    "head_weight": 1.0,
    "router_weight": 0.5
  },
  "decision_level_transitions": [
    {
      "from": 0,
      "to": 1,
      "per_class": {
        "0": {
          "cosine": 0.9963787381779692,
          "kendall_tau": 0.907859078590786,
          "top15_jaccard": 0.7647058823529411,
          "acc_change": -0.0447
        },
        "1": {
          "cosine": 0.9994714899235339,
          "kendall_tau": 0.945280437756498,
          "top15_jaccard": 0.7647058823529411,
          "acc_change": 0.0253
        }
      }
    },
    {
      "from": 1,
      "to": 2,
      "per_class": {
        "0": {
          "cosine": 0.9992703652246443,
          "kendall_tau": 0.953929539295393,
          "top15_jaccard": 0.875,
          "acc_change": -0.0039
        },
        "1": {
          "cosine": 0.9998477452282093,
          "kendall_tau": 0.9507523939808481,
          "top15_jaccard": 0.7647058823529411,
          "acc_change": -0.0041
        },
        "2": {
          "cosine": 0.9823999228234287,
          "kendall_tau": 0.9288645690834473,
          "top15_jaccard": 1.0,
          "acc_change": -0.0187
        },
        "3": {
          "cosine": 0.9989382468852053,
          "kendall_tau": 0.956639566395664,
          "top15_jaccard": 1.0,
          "acc_change": -0.2558
        }
      }
    },
    {
      "from": 2,
      "to": 3,
      "per_class": {
        "0": {
          "cosine": 0.9979879854233019,
          "kendall_tau": 0.9485094850948511,
          "top15_jaccard": 1.0,
          "acc_change": -0.0117
        },
        "1": {
          "cosine": 0.9997491750642212,
          "kendall_tau": 0.9699042407660738,
          "top15_jaccard": 0.875,
          "acc_change": -0.0003
        },
        "2": {
          "cosine": 0.9993750205508034,
          "kendall_tau": 0.9781121751025991,
          "top15_jaccard": 1.0,
          "acc_change": -0.013
        },
        "3": {
          "cosine": 0.9998833601026181,
          "kendall_tau": 0.9810298102981031,
          "top15_jaccard": 1.0,
          "acc_change": -0.0033
        },
        "4": {
          "cosine": 0.9978845158433983,
          "kendall_tau": 0.975376196990424,
          "top15_jaccard": 1.0,
          "acc_change": 0.0
        },
        "5": {
          "cosine": 0.9998760370011858,
          "kendall_tau": 0.9756097560975611,
          "top15_jaccard": 0.875,
          "acc_change": -0.0308
        }
      }
    },
    {
      "from": 3,
      "to": 4,
      "per_class": {
        "0": {
          "cosine": 0.9990547265248751,
          "kendall_tau": 0.97289972899729,
          "top15_jaccard": 1.0,
          "acc_change": -0.012
        },
        "1": {
          "cosine": 0.9997589831750295,
          "kendall_tau": 0.9945280437756497,
          "top15_jaccard": 1.0,
          "acc_change": 0.0003
        },
        "2": {
          "cosine": 0.9995950089279781,
          "kendall_tau": 0.9917920656634747,
          "top15_jaccard": 1.0,
          "acc_change": -0.0648
        },
        "3": {
          "cosine": 0.9999230950006215,
          "kendall_tau": 0.9620596205962061,
          "top15_jaccard": 1.0,
          "acc_change": -0.001
        },
        "4": {
          "cosine": 0.9996730873301954,
          "kendall_tau": 0.9616963064295485,
          "top15_jaccard": 1.0,
          "acc_change": -0.0003
        },
        "5": {
          "cosine": 0.9992204387507487,
          "kendall_tau": 0.9620596205962061,
          "top15_jaccard": 0.875,
          "acc_change": -0.0053
        },
        "6": {
          "cosine": 0.9996177844474753,
          "kendall_tau": 0.9675675675675675,
          "top15_jaccard": 1.0,
          "acc_change": 0.001
        },
        "7": {
          "cosine": 0.9988360967411987,
          "kendall_tau": 0.9783197831978321,
          "top15_jaccard": 1.0,
          "acc_change": -0.0232
        }
      }
    }
  ],
  "oracle_vs_actual": {
    "0": {
      "0": {
        "oracle": 0.9736,
        "actual": 0.9299,
        "router_cost": 0.0437
      },
      "1": {
        "oracle": 0.9783,
        "actual": 0.9495,
        "router_cost": 0.0288
      }
    },
    "1": {
      "0": {
        "oracle": 0.9736,
        "actual": 0.8852,
        "router_cost": 0.0884
      },
      "1": {
        "oracle": 0.9783,
        "actual": 0.9748,
        "router_cost": 0.0035
      },
      "2": {
        "oracle": 0.9969,
        "actual": 0.9826,
        "router_cost": 0.0143
      },
      "3": {
        "oracle": 0.9804,
        "actual": 0.8306,
        "router_cost": 0.1498
      }
    },
    "2": {
      "0": {
        "oracle": 0.9736,
        "actual": 0.8813,
        "router_cost": 0.0923
      },
      "1": {
        "oracle": 0.9783,
        "actual": 0.9707,
        "router_cost": 0.0076
      },
      "2": {
        "oracle": 0.9969,
        "actual": 0.9639,
        "router_cost": 0.033
      },
      "3": {
        "oracle": 0.9804,
        "actual": 0.5748,
        "router_cost": 0.4056
      },
      "4": {
        "oracle": 0.9857,
        "actual": 0.9863,
        "router_cost": -0.0006
      },
      "5": {
        "oracle": 0.9985,
        "actual": 0.8562,
        "router_cost": 0.1423
      }
    },
    "3": {
      "0": {
        "oracle": 0.9736,
        "actual": 0.8696,
        "router_cost": 0.104
      },
      "1": {
        "oracle": 0.9783,
        "actual": 0.9704,
        "router_cost": 0.0079
      },
      "2": {
        "oracle": 0.9969,
        "actual": 0.9509,
        "router_cost": 0.046
      },
      "3": {
        "oracle": 0.9804,
        "actual": 0.5715,
        "router_cost": 0.4089
      },
      "4": {
        "oracle": 0.9857,
        "actual": 0.9863,
        "router_cost": -0.0006
      },
      "5": {
        "oracle": 0.9985,
        "actual": 0.8254,
        "router_cost": 0.1731
      },
      "6": {
        "oracle": 0.948,
        "actual": 0.499,
        "router_cost": 0.449
      },
      "7": {
        "oracle": 0.9188,
        "actual": 0.2191,
        "router_cost": 0.6997
      }
    },
    "4": {
      "0": {
        "oracle": 0.9736,
        "actual": 0.8576,
        "router_cost": 0.116
      },
      "1": {
        "oracle": 0.9783,
        "actual": 0.9707,
        "router_cost": 0.0076
      },
      "2": {
        "oracle": 0.9969,
        "actual": 0.8861,
        "router_cost": 0.1108
      },
      "3": {
        "oracle": 0.9804,
        "actual": 0.5705,
        "router_cost": 0.4099
      },
      "4": {
        "oracle": 0.9857,
        "actual": 0.986,
        "router_cost": -0.0003
      },
      "5": {
        "oracle": 0.9985,
        "actual": 0.8201,
        "router_cost": 0.1784
      },
      "6": {
        "oracle": 0.948,
        "actual": 0.5,
        "router_cost": 0.448
      },
      "7": {
        "oracle": 0.9188,
        "actual": 0.1959,
        "router_cost": 0.7229
      },
      "8": {
        "oracle": 0.8978,
        "actual": 0.6394,
        "router_cost": 0.2584
      },
      "9": {
        "oracle": 0.9421,
        "actual": 0.3663,
        "router_cost": 0.5758
      }
    }
  }
}