{
  "config": {
    "dataset": "NSL-KDD",
    "seed": 0,
    "tasks": [
      [
        0,
        1
      ],
      [
        2
      ],
      [
        3
      ],
      [
        4
      ]
    ],
    "smoke": false,
    "top_k": 15,
    "score": "decision-level joint head+router (PILoRADecisionScore)",
    "head_weight": 1.0,
    "router_weight": 0.5
  },
  "decision_level_transitions": [
    {
      "from": 0,
      "to": 1,
      "per_class": {
        "0": {
          "cosine": 0.9947170252867156,
          "kendall_tau": 0.9517205957883923,
          "top15_jaccard": 0.7647058823529411,
          "acc_change": -0.0601
        },
        "1": {
          "cosine": 0.9927574794208796,
          "kendall_tau": 0.9398046013236683,
          "top15_jaccard": 1.0,
          "acc_change": -0.0791
        }
      }
    },
    {
      "from": 1,
      "to": 2,
      "per_class": {
        "0": {
          "cosine": 0.9990296807207945,
          "kendall_tau": 0.9797979797979798,
          "top15_jaccard": 0.875,
          "acc_change": -0.0061
        },
        "1": {
          "cosine": 0.9986474482485099,
          "kendall_tau": 0.9700598802395208,
          "top15_jaccard": 1.0,
          "acc_change": -0.0054
        },
        "2": {
          "cosine": 0.980209956931317,
          "kendall_tau": 0.9699421965317918,
          "top15_jaccard": 0.875,
          "acc_change": -0.0045
        }
      }
    },
    {
      "from": 2,
      "to": 3,
      "per_class": {
        "0": {
          "cosine": 0.9911567918864538,
          "kendall_tau": 0.9578839239856187,
          "top15_jaccard": 0.875,
          "acc_change": 0.0007
        },
        "1": {
          "cosine": 0.9968812096896368,
          "kendall_tau": 0.9590293098014496,
          "top15_jaccard": 0.875,
          "acc_change": 0.0106
        },
        "2": {
          "cosine": 0.9817672599134878,
          "kendall_tau": 0.9623451692815853,
          "top15_jaccard": 0.875,
          "acc_change": -0.0004
        },
        "3": {
          "cosine": 0.9970588376159369,
          "kendall_tau": 0.9616858237547892,
          "top15_jaccard": 1.0,
          "acc_change": -0.0007
        }
      }
    }
  ],
  "oracle_vs_actual": {
    "0": {
      "0": {
        "oracle": 0.9903,
        "actual": 0.9883,
        "router_cost": 0.0021
      },
      "1": {
        "oracle": 0.8507,
        "actual": 0.8646,
        "router_cost": -0.0139
      }
    },
    "1": {
      "0": {
        "oracle": 0.9903,
        "actual": 0.9281,
        "router_cost": 0.0622
      },
      "1": {
        "oracle": 0.8507,
        "actual": 0.7855,
        "router_cost": 0.0651
      },
      "2": {
        "oracle": 0.976,
        "actual": 0.7947,
        "router_cost": 0.1813
      }
    },
    "2": {
      "0": {
        "oracle": 0.9903,
        "actual": 0.922,
        "router_cost": 0.0683
      },
      "1": {
        "oracle": 0.8507,
        "actual": 0.7802,
        "router_cost": 0.0705
      },
      "2": {
        "oracle": 0.976,
        "actual": 0.7902,
        "router_cost": 0.1859
      },
      "3": {
        "oracle": 0.9955,
        "actual": 0.2139,
        "router_cost": 0.7816
      }
    },
    "3": {
      "0": {
        "oracle": 0.9903,
        "actual": 0.9228,
        "router_cost": 0.0676
      },
      "1": {
        "oracle": 0.8507,
        "actual": 0.7908,
        "router_cost": 0.0599
      },
      "2": {
        "oracle": 0.976,
        "actual": 0.7898,
        "router_cost": 0.1863
      },
      "3": {
        "oracle": 0.9955,
        "actual": 0.2132,
        "router_cost": 0.7823
      },
      "4": {
        "oracle": 0.8507,
        "actual": 0.1493,
        "router_cost": 0.7015
      }
    }
  }
}