{
  "config": {
    "dataset": "NF-ToN-IoT-v2",
    "seed": 0,
    "tasks": [
      [
        0,
        1
      ],
      [
        2,
        3
      ],
      [
        4,
        5
      ],
      [
        6,
        7
      ],
      [
        8,
        9
      ]
    ],
    "smoke": false,
    "top_k": 15,
    "score": "decision-level joint head+router (PILoRADecisionScore)",
    "head_weight": 1.0,
    "router_weight": 0.5
  },
  "decision_level_transitions": [
    {
      "from": 0,
      "to": 1,
      "per_class": {
        "0": {
          "cosine": 0.9973282482741936,
          "kendall_tau": 0.923392612859097,
          "top15_jaccard": 0.875,
          "acc_change": -0.0668
        },
        "1": {
          "cosine": 0.999084882139036,
          "kendall_tau": 0.9611111111111109,
          "top15_jaccard": 0.875,
          "acc_change": 0.0126
        }
      }
    },
    {
      "from": 1,
      "to": 2,
      "per_class": {
        "0": {
          "cosine": 0.9996758925806026,
          "kendall_tau": 0.9835841313269493,
          "top15_jaccard": 0.875,
          "acc_change": -0.0115
        },
        "1": {
          "cosine": 0.9997038581692047,
          "kendall_tau": 0.9805555555555554,
          "top15_jaccard": 1.0,
          "acc_change": 0.0014
        },
        "2": {
          "cosine": 0.9982906791936897,
          "kendall_tau": 0.9861111111111109,
          "top15_jaccard": 1.0,
          "acc_change": -0.0083
        },
        "3": {
          "cosine": 0.9950837620970557,
          "kendall_tau": 0.9810298102981031,
          "top15_jaccard": 1.0,
          "acc_change": -0.2263
        }
      }
    },
    {
      "from": 2,
      "to": 3,
      "per_class": {
        "0": {
          "cosine": 0.9994731453584059,
          "kendall_tau": 0.9671682626538988,
          "top15_jaccard": 0.875,
          "acc_change": -0.003
        },
        "1": {
          "cosine": 0.9997573206247599,
          "kendall_tau": 0.9722222222222222,
          "top15_jaccard": 1.0,
          "acc_change": 0.0023
        },
        "2": {
          "cosine": 0.9991611031077938,
          "kendall_tau": 0.9888888888888888,
          "top15_jaccard": 0.875,
          "acc_change": -0.0482
        },
        "3": {
          "cosine": 0.9977175226601355,
          "kendall_tau": 0.97289972899729,
          "top15_jaccard": 0.875,
          "acc_change": -0.0055
        },
        "4": {
          "cosine": 0.9987284693401203,
          "kendall_tau": 0.9749999999999999,
          "top15_jaccard": 1.0,
          "acc_change": 0.0
        },
        "5": {
          "cosine": 0.9987708924989088,
          "kendall_tau": 0.9810298102981031,
          "top15_jaccard": 0.875,
          "acc_change": -0.0321
        }
      }
    },
    {
      "from": 3,
      "to": 4,
      "per_class": {
        "0": {
          "cosine": 0.9996565085090606,
          "kendall_tau": 0.9699042407660738,
          "top15_jaccard": 0.875,
          "acc_change": -0.0181
        },
        "1": {
          "cosine": 0.9998910076275853,
          "kendall_tau": 0.9916666666666666,
          "top15_jaccard": 1.0,
          "acc_change": 0.0
        },
        "2": {
          "cosine": 0.9994087271118265,
          "kendall_tau": 0.9888888888888888,
          "top15_jaccard": 0.875,
          "acc_change": -0.0935
        },
        "3": {
          "cosine": 0.9985975157984678,
          "kendall_tau": 0.9701897018970191,
          "top15_jaccard": 0.875,
          "acc_change": -0.0003
        },
        "4": {
          "cosine": 0.997973329608424,
          "kendall_tau": 0.9805555555555554,
          "top15_jaccard": 1.0,
          "acc_change": 0.0
        },
        "5": {
          "cosine": 0.9974195977870419,
          "kendall_tau": 0.9701897018970191,
          "top15_jaccard": 0.875,
          "acc_change": -0.0069
        },
        "6": {
          "cosine": 0.9991531553420041,
          "kendall_tau": 0.9729729729729729,
          "top15_jaccard": 0.875,
          "acc_change": -0.0004
        },
        "7": {
          "cosine": 0.9988743034576791,
          "kendall_tau": 0.9864498644986451,
          "top15_jaccard": 0.875,
          "acc_change": -0.0105
        }
      }
    }
  ],
  "oracle_vs_actual": {
    "0": {
      "0": {
        "oracle": 0.9734,
        "actual": 0.9598,
        "router_cost": 0.0136
      },
      "1": {
        "oracle": 0.9636,
        "actual": 0.9507,
        "router_cost": 0.0129
      }
    },
    "1": {
      "0": {
        "oracle": 0.9734,
        "actual": 0.893,
        "router_cost": 0.0804
      },
      "1": {
        "oracle": 0.9636,
        "actual": 0.9633,
        "router_cost": 0.0003
      },
      "2": {
        "oracle": 0.9978,
        "actual": 0.9872,
        "router_cost": 0.0106
      },
      "3": {
        "oracle": 0.9784,
        "actual": 0.7941,
        "router_cost": 0.1843
      }
    },
    "2": {
      "0": {
        "oracle": 0.9734,
        "actual": 0.8815,
        "router_cost": 0.0919
      },
      "1": {
        "oracle": 0.9636,
        "actual": 0.9647,
        "router_cost": -0.0011
      },
      "2": {
        "oracle": 0.9978,
        "actual": 0.9789,
        "router_cost": 0.0189
      },
      "3": {
        "oracle": 0.9784,
        "actual": 0.5678,
        "router_cost": 0.4106
      },
      "4": {
        "oracle": 0.9881,
        "actual": 0.9878,
        "router_cost": 0.0003
      },
      "5": {
        "oracle": 0.9977,
        "actual": 0.8914,
        "router_cost": 0.1063
      }
    },
    "3": {
      "0": {
        "oracle": 0.9734,
        "actual": 0.8785,
        "router_cost": 0.0949
      },
      "1": {
        "oracle": 0.9636,
        "actual": 0.967,
        "router_cost": -0.0034
      },
      "2": {
        "oracle": 0.9978,
        "actual": 0.9307,
        "router_cost": 0.0671
      },
      "3": {
        "oracle": 0.9784,
        "actual": 0.5623,
        "router_cost": 0.4161
      },
      "4": {
        "oracle": 0.9881,
        "actual": 0.9878,
        "router_cost": 0.0003
      },
      "5": {
        "oracle": 0.9977,
        "actual": 0.8593,
        "router_cost": 0.1384
      },
      "6": {
        "oracle": 0.949,
        "actual": 0.5499,
        "router_cost": 0.3991
      },
      "7": {
        "oracle": 0.9439,
        "actual": 0.406,
        "router_cost": 0.5379
      }
    },
    "4": {
      "0": {
        "oracle": 0.9734,
        "actual": 0.8604,
        "router_cost": 0.113
      },
      "1": {
        "oracle": 0.9636,
        "actual": 0.967,
        "router_cost": -0.0034
      },
      "2": {
        "oracle": 0.9978,
        "actual": 0.8372,
        "router_cost": 0.1606
      },
      "3": {
        "oracle": 0.9784,
        "actual": 0.562,
        "router_cost": 0.4164
      },
      "4": {
        "oracle": 0.9881,
        "actual": 0.9878,
        "router_cost": 0.0003
      },
      "5": {
        "oracle": 0.9977,
        "actual": 0.8524,
        "router_cost": 0.1453
      },
      "6": {
        "oracle": 0.949,
        "actual": 0.5495,
        "router_cost": 0.3995
      },
      "7": {
        "oracle": 0.9439,
        "actual": 0.3955,
        "router_cost": 0.5484
      },
      "8": {
        "oracle": 0.9255,
        "actual": 0.8015,
        "router_cost": 0.1241
      },
      "9": {
        "oracle": 0.9512,
        "actual": 0.3735,
        "router_cost": 0.5777
      }
    }
  }
}