{
  "config": {
    "dataset": "UNSW-NB15",
    "seed": 3,
    "tasks": [
      [
        0,
        1
      ],
      [
        2,
        3
      ],
      [
        4,
        5
      ],
      [
        6,
        7
      ],
      [
        8,
        9
      ]
    ],
    "smoke": false,
    "top_k": 15,
    "score": "decision-level joint head+router (PILoRADecisionScore)",
    "head_weight": 1.0,
    "router_weight": 0.5
  },
  "decision_level_transitions": [
    {
      "from": 0,
      "to": 1,
      "per_class": {
        "0": {
          "cosine": 0.9625897464452051,
          "kendall_tau": 0.9754382047560566,
          "top15_jaccard": 0.875,
          "acc_change": -0.2575
        },
        "1": {
          "cosine": 0.9942637412823636,
          "kendall_tau": 0.9850057670126873,
          "top15_jaccard": 0.875,
          "acc_change": -0.0192
        }
      }
    },
    {
      "from": 1,
      "to": 2,
      "per_class": {
        "0": {
          "cosine": 0.9979817494420494,
          "kendall_tau": 0.9926314614268168,
          "top15_jaccard": 0.875,
          "acc_change": -0.002
        },
        "1": {
          "cosine": 0.9947000552855366,
          "kendall_tau": 0.9930795847750864,
          "top15_jaccard": 0.875,
          "acc_change": -0.0013
        },
        "2": {
          "cosine": 0.9978933658016047,
          "kendall_tau": 0.953640869233702,
          "top15_jaccard": 0.875,
          "acc_change": -0.1103
        },
        "3": {
          "cosine": 0.9943316964539215,
          "kendall_tau": 0.9665831244778614,
          "top15_jaccard": 0.7647058823529411,
          "acc_change": -0.0767
        }
      }
    },
    {
      "from": 2,
      "to": 3,
      "per_class": {
        "0": {
          "cosine": 0.9976952415569236,
          "kendall_tau": 0.9937479066651779,
          "top15_jaccard": 0.875,
          "acc_change": -0.0006
        },
        "1": {
          "cosine": 0.9980491756258055,
          "kendall_tau": 0.9903114186851211,
          "top15_jaccard": 0.875,
          "acc_change": -0.0001
        },
        "2": {
          "cosine": 0.9976978163722556,
          "kendall_tau": 0.9617232176896683,
          "top15_jaccard": 0.875,
          "acc_change": 0.0059
        },
        "3": {
          "cosine": 0.9988019447253577,
          "kendall_tau": 0.9617376775271513,
          "top15_jaccard": 1.0,
          "acc_change": -0.0195
        },
        "4": {
          "cosine": 0.993632418000296,
          "kendall_tau": 0.9015616999487966,
          "top15_jaccard": 0.875,
          "acc_change": -0.0039
        },
        "5": {
          "cosine": 0.9913141225610056,
          "kendall_tau": 0.9798019413668007,
          "top15_jaccard": 1.0,
          "acc_change": 0.0
        }
      }
    },
    {
      "from": 3,
      "to": 4,
      "per_class": {
        "0": {
          "cosine": 0.9997684853677716,
          "kendall_tau": 0.9966506642849167,
          "top15_jaccard": 0.875,
          "acc_change": -0.0057
        },
        "1": {
          "cosine": 0.9995685733990674,
          "kendall_tau": 0.9946943483275663,
          "top15_jaccard": 0.875,
          "acc_change": -0.0027
        },
        "2": {
          "cosine": 0.9992526595350172,
          "kendall_tau": 0.9638581776591689,
          "top15_jaccard": 0.875,
          "acc_change": -0.019
        },
        "3": {
          "cosine": 0.9985734642309612,
          "kendall_tau": 0.9742690058479533,
          "top15_jaccard": 1.0,
          "acc_change": -0.0147
        },
        "4": {
          "cosine": 0.9980439628603706,
          "kendall_tau": 0.897337429595494,
          "top15_jaccard": 0.875,
          "acc_change": -0.0095
        },
        "5": {
          "cosine": 0.9936726408025017,
          "kendall_tau": 0.9892146288851849,
          "top15_jaccard": 1.0,
          "acc_change": -0.262
        },
        "6": {
          "cosine": 0.9944880511699589,
          "kendall_tau": 0.8507604562737642,
          "top15_jaccard": 1.0,
          "acc_change": 0.0059
        },
        "7": {
          "cosine": 0.9930349178058848,
          "kendall_tau": 0.861530268063199,
          "top15_jaccard": 1.0,
          "acc_change": 0.0034
        }
      }
    }
  ],
  "oracle_vs_actual": {
    "0": {
      "0": {
        "oracle": 0.9995,
        "actual": 0.9502,
        "router_cost": 0.0493
      },
      "1": {
        "oracle": 0.9868,
        "actual": 0.9939,
        "router_cost": -0.0071
      }
    },
    "1": {
      "0": {
        "oracle": 0.9995,
        "actual": 0.6927,
        "router_cost": 0.3068
      },
      "1": {
        "oracle": 0.9868,
        "actual": 0.9747,
        "router_cost": 0.0121
      },
      "2": {
        "oracle": 0.8982,
        "actual": 0.6185,
        "router_cost": 0.2797
      },
      "3": {
        "oracle": 0.7778,
        "actual": 0.5386,
        "router_cost": 0.2392
      }
    },
    "2": {
      "0": {
        "oracle": 0.9995,
        "actual": 0.6907,
        "router_cost": 0.3088
      },
      "1": {
        "oracle": 0.9868,
        "actual": 0.9734,
        "router_cost": 0.0134
      },
      "2": {
        "oracle": 0.8982,
        "actual": 0.5082,
        "router_cost": 0.39
      },
      "3": {
        "oracle": 0.7778,
        "actual": 0.4619,
        "router_cost": 0.3159
      },
      "4": {
        "oracle": 0.8914,
        "actual": 0.258,
        "router_cost": 0.6334
      },
      "5": {
        "oracle": 0.9019,
        "actual": 0.6862,
        "router_cost": 0.2157
      }
    },
    "3": {
      "0": {
        "oracle": 0.9995,
        "actual": 0.6901,
        "router_cost": 0.3094
      },
      "1": {
        "oracle": 0.9868,
        "actual": 0.9733,
        "router_cost": 0.0135
      },
      "2": {
        "oracle": 0.8982,
        "actual": 0.5141,
        "router_cost": 0.3841
      },
      "3": {
        "oracle": 0.7778,
        "actual": 0.4424,
        "router_cost": 0.3354
      },
      "4": {
        "oracle": 0.8914,
        "actual": 0.2541,
        "router_cost": 0.6373
      },
      "5": {
        "oracle": 0.9019,
        "actual": 0.6862,
        "router_cost": 0.2157
      },
      "6": {
        "oracle": 0.5864,
        "actual": 0.0266,
        "router_cost": 0.5598
      },
      "7": {
        "oracle": 0.2693,
        "actual": 0.0017,
        "router_cost": 0.2676
      }
    },
    "4": {
      "0": {
        "oracle": 0.9995,
        "actual": 0.6844,
        "router_cost": 0.3151
      },
      "1": {
        "oracle": 0.9868,
        "actual": 0.9706,
        "router_cost": 0.0162
      },
      "2": {
        "oracle": 0.8982,
        "actual": 0.4951,
        "router_cost": 0.4031
      },
      "3": {
        "oracle": 0.7778,
        "actual": 0.4277,
        "router_cost": 0.35
      },
      "4": {
        "oracle": 0.8914,
        "actual": 0.2446,
        "router_cost": 0.6469
      },
      "5": {
        "oracle": 0.9019,
        "actual": 0.4242,
        "router_cost": 0.4777
      },
      "6": {
        "oracle": 0.5864,
        "actual": 0.0325,
        "router_cost": 0.5539
      },
      "7": {
        "oracle": 0.2693,
        "actual": 0.0051,
        "router_cost": 0.2642
      },
      "8": {
        "oracle": 0.9974,
        "actual": 0.5556,
        "router_cost": 0.4418
      },
      "9": {
        "oracle": 0.0909,
        "actual": 0.0455,
        "router_cost": 0.0455
      }
    }
  }
}