{
  "config": {
    "dataset": "CIC-IDS-2018",
    "seed": 42,
    "tasks": [
      [
        0,
        1
      ],
      [
        2,
        3
      ],
      [
        4,
        5
      ],
      [
        6
      ]
    ],
    "smoke": false,
    "top_k": 15,
    "score": "decision-level joint head+router (PILoRADecisionScore)",
    "head_weight": 1.0,
    "router_weight": 0.5
  },
  "decision_level_transitions": [
    {
      "from": 0,
      "to": 1,
      "per_class": {
        "0": {
          "cosine": 0.9910880837648258,
          "kendall_tau": 0.9323867478025692,
          "top15_jaccard": 1.0,
          "acc_change": -0.0038
        },
        "1": {
          "cosine": 0.9988851238192882,
          "kendall_tau": 0.9504748982360923,
          "top15_jaccard": 1.0,
          "acc_change": 0.0
        }
      }
    },
    {
      "from": 1,
      "to": 2,
      "per_class": {
        "0": {
          "cosine": 0.9959248045918351,
          "kendall_tau": 0.9371196754563895,
          "top15_jaccard": 0.875,
          "acc_change": -0.1961
        },
        "1": {
          "cosine": 0.9996309749756042,
          "kendall_tau": 0.9626865671641791,
          "top15_jaccard": 0.875,
          "acc_change": 0.0
        },
        "2": {
          "cosine": 0.9947947815965615,
          "kendall_tau": 0.960651289009498,
          "top15_jaccard": 0.7647058823529411,
          "acc_change": 0.0
        },
        "3": {
          "cosine": 0.9995364173276532,
          "kendall_tau": 0.9816824966078698,
          "top15_jaccard": 1.0,
          "acc_change": 0.0
        }
      }
    },
    {
      "from": 2,
      "to": 3,
      "per_class": {
        "0": {
          "cosine": 0.9989643058223594,
          "kendall_tau": 0.9202163624070318,
          "top15_jaccard": 0.875,
          "acc_change": -0.0073
        },
        "1": {
          "cosine": 0.9994684727459616,
          "kendall_tau": 0.9715061058344641,
          "top15_jaccard": 0.875,
          "acc_change": 0.0
        },
        "2": {
          "cosine": 0.9982613018441523,
          "kendall_tau": 0.9674355495251018,
          "top15_jaccard": 1.0,
          "acc_change": 0.0
        },
        "3": {
          "cosine": 0.9996637269532722,
          "kendall_tau": 0.9823609226594302,
          "top15_jaccard": 0.875,
          "acc_change": 0.0
        },
        "4": {
          "cosine": 0.9983009017699754,
          "kendall_tau": 0.973630831643002,
          "top15_jaccard": 0.875,
          "acc_change": 0.1667
        },
        "5": {
          "cosine": 0.9984616586654168,
          "kendall_tau": 0.9394957983193276,
          "top15_jaccard": 0.875,
          "acc_change": -0.0015
        }
      }
    }
  ],
  "oracle_vs_actual": {
    "0": {
      "0": {
        "oracle": 1.0,
        "actual": 1.0,
        "router_cost": 0.0
      },
      "1": {
        "oracle": 1.0,
        "actual": 1.0,
        "router_cost": 0.0
      }
    },
    "1": {
      "0": {
        "oracle": 1.0,
        "actual": 0.9962,
        "router_cost": 0.0038
      },
      "1": {
        "oracle": 1.0,
        "actual": 1.0,
        "router_cost": 0.0
      },
      "2": {
        "oracle": 1.0,
        "actual": 0.9995,
        "router_cost": 0.0005
      },
      "3": {
        "oracle": 1.0,
        "actual": 0.0,
        "router_cost": 1.0
      }
    },
    "2": {
      "0": {
        "oracle": 1.0,
        "actual": 0.8001,
        "router_cost": 0.1999
      },
      "1": {
        "oracle": 1.0,
        "actual": 1.0,
        "router_cost": 0.0
      },
      "2": {
        "oracle": 1.0,
        "actual": 0.9995,
        "router_cost": 0.0005
      },
      "3": {
        "oracle": 1.0,
        "actual": 0.0,
        "router_cost": 1.0
      },
      "4": {
        "oracle": 0.9032,
        "actual": 0.2419,
        "router_cost": 0.6613
      },
      "5": {
        "oracle": 0.9983,
        "actual": 0.5093,
        "router_cost": 0.489
      }
    },
    "3": {
      "0": {
        "oracle": 1.0,
        "actual": 0.7928,
        "router_cost": 0.2072
      },
      "1": {
        "oracle": 1.0,
        "actual": 1.0,
        "router_cost": 0.0
      },
      "2": {
        "oracle": 1.0,
        "actual": 0.9995,
        "router_cost": 0.0005
      },
      "3": {
        "oracle": 1.0,
        "actual": 0.0,
        "router_cost": 1.0
      },
      "4": {
        "oracle": 0.9032,
        "actual": 0.4086,
        "router_cost": 0.4946
      },
      "5": {
        "oracle": 0.9983,
        "actual": 0.5078,
        "router_cost": 0.4905
      },
      "6": {
        "oracle": 0.9989,
        "actual": 0.9955,
        "router_cost": 0.0034
      }
    }
  }
}