{
  "config": {
    "dataset": "NF-ToN-IoT-v2",
    "seed": 3,
    "tasks": [
      [
        0,
        1
      ],
      [
        2,
        3
      ],
      [
        4,
        5
      ],
      [
        6,
        7
      ],
      [
        8,
        9
      ]
    ],
    "smoke": false,
    "top_k": 15,
    "score": "decision-level joint head+router (PILoRADecisionScore)",
    "head_weight": 1.0,
    "router_weight": 0.5
  },
  "decision_level_transitions": [
    {
      "from": 0,
      "to": 1,
      "per_class": {
        "0": {
          "cosine": 0.9965651659506546,
          "kendall_tau": 0.842818428184282,
          "top15_jaccard": 0.875,
          "acc_change": -0.0654
        },
        "1": {
          "cosine": 0.5277470665837923,
          "kendall_tau": 0.7289972899728998,
          "top15_jaccard": 0.5789473684210527,
          "acc_change": 0.0228
        }
      }
    },
    {
      "from": 1,
      "to": 2,
      "per_class": {
        "0": {
          "cosine": 0.9992135592229031,
          "kendall_tau": 0.9430894308943091,
          "top15_jaccard": 0.875,
          "acc_change": -0.0133
        },
        "1": {
          "cosine": 0.9991845085554316,
          "kendall_tau": 0.9674796747967481,
          "top15_jaccard": 0.875,
          "acc_change": -0.0017
        },
        "2": {
          "cosine": 0.9929695883364005,
          "kendall_tau": 0.97289972899729,
          "top15_jaccard": 1.0,
          "acc_change": -0.0227
        },
        "3": {
          "cosine": 0.9908915849283899,
          "kendall_tau": 0.921409214092141,
          "top15_jaccard": 0.875,
          "acc_change": -0.0431
        }
      }
    },
    {
      "from": 2,
      "to": 3,
      "per_class": {
        "0": {
          "cosine": 0.9993835538661257,
          "kendall_tau": 0.9430894308943091,
          "top15_jaccard": 0.7647058823529411,
          "acc_change": 0.0009
        },
        "1": {
          "cosine": 0.9998080990370802,
          "kendall_tau": 0.9810298102981031,
          "top15_jaccard": 0.875,
          "acc_change": -0.0009
        },
        "2": {
          "cosine": 0.9963655115348354,
          "kendall_tau": 0.983739837398374,
          "top15_jaccard": 1.0,
          "acc_change": -0.1027
        },
        "3": {
          "cosine": 0.9969090826757268,
          "kendall_tau": 0.9783197831978321,
          "top15_jaccard": 1.0,
          "acc_change": -0.0033
        },
        "4": {
          "cosine": 0.997027032070866,
          "kendall_tau": 0.9674796747967481,
          "top15_jaccard": 1.0,
          "acc_change": 0.0
        },
        "5": {
          "cosine": 0.9979582254682914,
          "kendall_tau": 0.953929539295393,
          "top15_jaccard": 1.0,
          "acc_change": -0.079
        }
      }
    },
    {
      "from": 3,
      "to": 4,
      "per_class": {
        "0": {
          "cosine": 0.998939821455678,
          "kendall_tau": 0.9701897018970191,
          "top15_jaccard": 0.875,
          "acc_change": -0.0083
        },
        "1": {
          "cosine": 0.9995461280000446,
          "kendall_tau": 0.9810298102981031,
          "top15_jaccard": 1.0,
          "acc_change": 0.0
        },
        "2": {
          "cosine": 0.999174166044089,
          "kendall_tau": 0.9810298102981031,
          "top15_jaccard": 1.0,
          "acc_change": -0.2266
        },
        "3": {
          "cosine": 0.9984531417800251,
          "kendall_tau": 0.97289972899729,
          "top15_jaccard": 1.0,
          "acc_change": -0.0011
        },
        "4": {
          "cosine": 0.9980242768235131,
          "kendall_tau": 0.9593495934959352,
          "top15_jaccard": 1.0,
          "acc_change": 0.0
        },
        "5": {
          "cosine": 0.9983909328635321,
          "kendall_tau": 0.983739837398374,
          "top15_jaccard": 1.0,
          "acc_change": -0.0056
        },
        "6": {
          "cosine": 0.9989453951588755,
          "kendall_tau": 0.9702702702702701,
          "top15_jaccard": 0.875,
          "acc_change": 0.0015
        },
        "7": {
          "cosine": 0.9996415146488686,
          "kendall_tau": 0.9864498644986451,
          "top15_jaccard": 1.0,
          "acc_change": -0.0467
        }
      }
    }
  ],
  "oracle_vs_actual": {
    "0": {
      "0": {
        "oracle": 0.9762,
        "actual": 0.964,
        "router_cost": 0.0122
      },
      "1": {
        "oracle": 0.9718,
        "actual": 0.9493,
        "router_cost": 0.0225
      }
    },
    "1": {
      "0": {
        "oracle": 0.9762,
        "actual": 0.8986,
        "router_cost": 0.0776
      },
      "1": {
        "oracle": 0.9718,
        "actual": 0.9721,
        "router_cost": -0.0003
      },
      "2": {
        "oracle": 0.9979,
        "actual": 0.9745,
        "router_cost": 0.0234
      },
      "3": {
        "oracle": 0.9787,
        "actual": 0.7919,
        "router_cost": 0.1868
      }
    },
    "2": {
      "0": {
        "oracle": 0.9762,
        "actual": 0.8853,
        "router_cost": 0.0909
      },
      "1": {
        "oracle": 0.9718,
        "actual": 0.9704,
        "router_cost": 0.0014
      },
      "2": {
        "oracle": 0.9979,
        "actual": 0.9518,
        "router_cost": 0.0461
      },
      "3": {
        "oracle": 0.9787,
        "actual": 0.7488,
        "router_cost": 0.2299
      },
      "4": {
        "oracle": 0.9881,
        "actual": 0.9878,
        "router_cost": 0.0003
      },
      "5": {
        "oracle": 0.999,
        "actual": 0.8325,
        "router_cost": 0.1665
      }
    },
    "3": {
      "0": {
        "oracle": 0.9762,
        "actual": 0.8862,
        "router_cost": 0.09
      },
      "1": {
        "oracle": 0.9718,
        "actual": 0.9695,
        "router_cost": 0.0023
      },
      "2": {
        "oracle": 0.9979,
        "actual": 0.8491,
        "router_cost": 0.1488
      },
      "3": {
        "oracle": 0.9787,
        "actual": 0.7455,
        "router_cost": 0.2332
      },
      "4": {
        "oracle": 0.9881,
        "actual": 0.9878,
        "router_cost": 0.0003
      },
      "5": {
        "oracle": 0.999,
        "actual": 0.7535,
        "router_cost": 0.2455
      },
      "6": {
        "oracle": 0.949,
        "actual": 0.6436,
        "router_cost": 0.3054
      },
      "7": {
        "oracle": 0.9687,
        "actual": 0.5592,
        "router_cost": 0.4095
      }
    },
    "4": {
      "0": {
        "oracle": 0.9762,
        "actual": 0.8779,
        "router_cost": 0.0983
      },
      "1": {
        "oracle": 0.9718,
        "actual": 0.9695,
        "router_cost": 0.0023
      },
      "2": {
        "oracle": 0.9979,
        "actual": 0.6225,
        "router_cost": 0.3754
      },
      "3": {
        "oracle": 0.9787,
        "actual": 0.7444,
        "router_cost": 0.2343
      },
      "4": {
        "oracle": 0.9881,
        "actual": 0.9878,
        "router_cost": 0.0003
      },
      "5": {
        "oracle": 0.999,
        "actual": 0.7479,
        "router_cost": 0.2511
      },
      "6": {
        "oracle": 0.949,
        "actual": 0.6451,
        "router_cost": 0.3039
      },
      "7": {
        "oracle": 0.9687,
        "actual": 0.5125,
        "router_cost": 0.4562
      },
      "8": {
        "oracle": 0.9708,
        "actual": 0.7358,
        "router_cost": 0.235
      },
      "9": {
        "oracle": 0.9616,
        "actual": 0.4873,
        "router_cost": 0.4743
      }
    }
  }
}