{
  "config": {
    "dataset": "UNSW-NB15",
    "seed": 1,
    "tasks": [
      [
        0,
        1
      ],
      [
        2,
        3
      ],
      [
        4,
        5
      ],
      [
        6,
        7
      ],
      [
        8,
        9
      ]
    ],
    "smoke": false,
    "top_k": 15,
    "score": "decision-level joint head+router (PILoRADecisionScore)",
    "head_weight": 1.0,
    "router_weight": 0.5
  },
  "decision_level_transitions": [
    {
      "from": 0,
      "to": 1,
      "per_class": {
        "0": {
          "cosine": 0.9725945520315346,
          "kendall_tau": 0.9787875404711398,
          "top15_jaccard": 0.7647058823529411,
          "acc_change": -0.2369
        },
        "1": {
          "cosine": 0.9973943365411765,
          "kendall_tau": 0.9868259461873393,
          "top15_jaccard": 0.875,
          "acc_change": -0.0174
        }
      }
    },
    {
      "from": 1,
      "to": 2,
      "per_class": {
        "0": {
          "cosine": 0.9989599459320339,
          "kendall_tau": 0.9906218599977669,
          "top15_jaccard": 1.0,
          "acc_change": -0.0234
        },
        "1": {
          "cosine": 0.9964713619336295,
          "kendall_tau": 0.9859327899966505,
          "top15_jaccard": 0.875,
          "acc_change": -0.0014
        },
        "2": {
          "cosine": 0.9981821277626143,
          "kendall_tau": 0.9556866303690261,
          "top15_jaccard": 0.875,
          "acc_change": -0.1478
        },
        "3": {
          "cosine": 0.9966142801611,
          "kendall_tau": 0.972546679171285,
          "top15_jaccard": 1.0,
          "acc_change": -0.0511
        }
      }
    },
    {
      "from": 2,
      "to": 3,
      "per_class": {
        "0": {
          "cosine": 0.9952404312104839,
          "kendall_tau": 0.9890588366640615,
          "top15_jaccard": 1.0,
          "acc_change": -0.0052
        },
        "1": {
          "cosine": 0.9990598106546664,
          "kendall_tau": 0.9915150161884557,
          "top15_jaccard": 0.875,
          "acc_change": -0.0007
        },
        "2": {
          "cosine": 0.9969213588003593,
          "kendall_tau": 0.9614337568058077,
          "top15_jaccard": 1.0,
          "acc_change": 0.0054
        },
        "3": {
          "cosine": 0.9939673858418511,
          "kendall_tau": 0.96231562793077,
          "top15_jaccard": 1.0,
          "acc_change": -0.0172
        },
        "4": {
          "cosine": 0.9957845441185612,
          "kendall_tau": 0.9222111222111222,
          "top15_jaccard": 0.875,
          "acc_change": -0.0142
        },
        "5": {
          "cosine": 0.9857959195269828,
          "kendall_tau": 0.9797400611620797,
          "top15_jaccard": 0.875,
          "acc_change": 0.0074
        }
      }
    },
    {
      "from": 3,
      "to": 4,
      "per_class": {
        "0": {
          "cosine": 0.9995068220122838,
          "kendall_tau": 0.9946410628558667,
          "top15_jaccard": 1.0,
          "acc_change": -0.0055
        },
        "1": {
          "cosine": 0.999819683283641,
          "kendall_tau": 0.9930780395221612,
          "top15_jaccard": 0.875,
          "acc_change": -0.0014
        },
        "2": {
          "cosine": 0.999496725020231,
          "kendall_tau": 0.9708106473079251,
          "top15_jaccard": 1.0,
          "acc_change": -0.0137
        },
        "3": {
          "cosine": 0.99840117404675,
          "kendall_tau": 0.9773211697501919,
          "top15_jaccard": 0.875,
          "acc_change": -0.0063
        },
        "4": {
          "cosine": 0.9984127854484476,
          "kendall_tau": 0.9327339327339328,
          "top15_jaccard": 1.0,
          "acc_change": -0.0007
        },
        "5": {
          "cosine": 0.993709830707187,
          "kendall_tau": 0.9896788990825688,
          "top15_jaccard": 0.875,
          "acc_change": -0.0892
        },
        "6": {
          "cosine": 0.9933767510144542,
          "kendall_tau": 0.787331325973012,
          "top15_jaccard": 1.0,
          "acc_change": -0.0074
        },
        "7": {
          "cosine": 0.9976224504228709,
          "kendall_tau": 0.8631462376872415,
          "top15_jaccard": 0.875,
          "acc_change": 0.0
        }
      }
    }
  ],
  "oracle_vs_actual": {
    "0": {
      "0": {
        "oracle": 0.9989,
        "actual": 0.9717,
        "router_cost": 0.0272
      },
      "1": {
        "oracle": 0.9817,
        "actual": 0.9926,
        "router_cost": -0.0109
      }
    },
    "1": {
      "0": {
        "oracle": 0.9989,
        "actual": 0.7348,
        "router_cost": 0.2641
      },
      "1": {
        "oracle": 0.9817,
        "actual": 0.9751,
        "router_cost": 0.0065
      },
      "2": {
        "oracle": 0.8892,
        "actual": 0.6221,
        "router_cost": 0.2672
      },
      "3": {
        "oracle": 0.7724,
        "actual": 0.4949,
        "router_cost": 0.2775
      }
    },
    "2": {
      "0": {
        "oracle": 0.9989,
        "actual": 0.7114,
        "router_cost": 0.2875
      },
      "1": {
        "oracle": 0.9817,
        "actual": 0.9738,
        "router_cost": 0.0079
      },
      "2": {
        "oracle": 0.8892,
        "actual": 0.4743,
        "router_cost": 0.4149
      },
      "3": {
        "oracle": 0.7724,
        "actual": 0.4437,
        "router_cost": 0.3286
      },
      "4": {
        "oracle": 0.852,
        "actual": 0.3008,
        "router_cost": 0.5512
      },
      "5": {
        "oracle": 0.903,
        "actual": 0.7274,
        "router_cost": 0.1756
      }
    },
    "3": {
      "0": {
        "oracle": 0.9989,
        "actual": 0.7062,
        "router_cost": 0.2927
      },
      "1": {
        "oracle": 0.9817,
        "actual": 0.9731,
        "router_cost": 0.0086
      },
      "2": {
        "oracle": 0.8892,
        "actual": 0.4797,
        "router_cost": 0.4095
      },
      "3": {
        "oracle": 0.7724,
        "actual": 0.4266,
        "router_cost": 0.3458
      },
      "4": {
        "oracle": 0.852,
        "actual": 0.2866,
        "router_cost": 0.5654
      },
      "5": {
        "oracle": 0.903,
        "actual": 0.7348,
        "router_cost": 0.1682
      },
      "6": {
        "oracle": 0.3988,
        "actual": 0.0458,
        "router_cost": 0.353
      },
      "7": {
        "oracle": 0.3654,
        "actual": 0.0326,
        "router_cost": 0.3328
      }
    },
    "4": {
      "0": {
        "oracle": 0.9989,
        "actual": 0.7007,
        "router_cost": 0.2982
      },
      "1": {
        "oracle": 0.9817,
        "actual": 0.9716,
        "router_cost": 0.01
      },
      "2": {
        "oracle": 0.8892,
        "actual": 0.466,
        "router_cost": 0.4232
      },
      "3": {
        "oracle": 0.7724,
        "actual": 0.4203,
        "router_cost": 0.352
      },
      "4": {
        "oracle": 0.852,
        "actual": 0.2859,
        "router_cost": 0.5662
      },
      "5": {
        "oracle": 0.903,
        "actual": 0.6456,
        "router_cost": 0.2574
      },
      "6": {
        "oracle": 0.3988,
        "actual": 0.0384,
        "router_cost": 0.3604
      },
      "7": {
        "oracle": 0.3654,
        "actual": 0.0326,
        "router_cost": 0.3328
      },
      "8": {
        "oracle": 0.9974,
        "actual": 0.2884,
        "router_cost": 0.709
      },
      "9": {
        "oracle": 0.1364,
        "actual": 0.0682,
        "router_cost": 0.0682
      }
    }
  }
}