{
  "config": {
    "dataset": "CIC-IDS-2017",
    "seed": 3,
    "tasks": [
      [
        0,
        1
      ],
      [
        2,
        3
      ],
      [
        4,
        5
      ],
      [
        6,
        7
      ]
    ],
    "smoke": false,
    "top_k": 15,
    "score": "decision-level joint head+router (PILoRADecisionScore)",
    "head_weight": 1.0,
    "router_weight": 0.5
  },
  "decision_level_transitions": [
    {
      "from": 0,
      "to": 1,
      "per_class": {
        "0": {
          "cosine": 0.9866289270324896,
          "kendall_tau": 0.9325842696629213,
          "top15_jaccard": 1.0,
          "acc_change": -0.027
        },
        "1": {
          "cosine": 0.9854129539313288,
          "kendall_tau": 0.9244126659856995,
          "top15_jaccard": 0.7647058823529411,
          "acc_change": 0.0377
        }
      }
    },
    {
      "from": 1,
      "to": 2,
      "per_class": {
        "0": {
          "cosine": 0.9976892806500651,
          "kendall_tau": 0.9652706843718077,
          "top15_jaccard": 1.0,
          "acc_change": -0.0897
        },
        "1": {
          "cosine": 0.995286295305985,
          "kendall_tau": 0.9700374531835204,
          "top15_jaccard": 1.0,
          "acc_change": -0.0011
        },
        "2": {
          "cosine": 0.9974031281780741,
          "kendall_tau": 0.9741232550221313,
          "top15_jaccard": 0.875,
          "acc_change": 0.0005
        },
        "3": {
          "cosine": 0.992183285769998,
          "kendall_tau": 0.957780047667688,
          "top15_jaccard": 0.7647058823529411,
          "acc_change": 0.0
        }
      }
    },
    {
      "from": 2,
      "to": 3,
      "per_class": {
        "0": {
          "cosine": 0.998979522786302,
          "kendall_tau": 0.9605039155600953,
          "top15_jaccard": 1.0,
          "acc_change": -0.0302
        },
        "1": {
          "cosine": 0.9973101299318375,
          "kendall_tau": 0.9645897173987061,
          "top15_jaccard": 1.0,
          "acc_change": 0.0516
        },
        "2": {
          "cosine": 0.996237412947803,
          "kendall_tau": 0.9530132788559754,
          "top15_jaccard": 0.875,
          "acc_change": 0.0002
        },
        "3": {
          "cosine": 0.9967922811993107,
          "kendall_tau": 0.9666326183180115,
          "top15_jaccard": 0.875,
          "acc_change": 0.0
        },
        "4": {
          "cosine": 0.9883753948434016,
          "kendall_tau": 0.923050732039496,
          "top15_jaccard": 0.7647058823529411,
          "acc_change": -0.0057
        }
      }
    }
  ],
  "oracle_vs_actual": {
    "0": {
      "0": {
        "oracle": 0.9918,
        "actual": 0.9989,
        "router_cost": -0.0071
      },
      "1": {
        "oracle": 0.9996,
        "actual": 0.8954,
        "router_cost": 0.1042
      }
    },
    "1": {
      "0": {
        "oracle": 0.9918,
        "actual": 0.9718,
        "router_cost": 0.02
      },
      "1": {
        "oracle": 0.9996,
        "actual": 0.9331,
        "router_cost": 0.0665
      },
      "2": {
        "oracle": 0.9997,
        "actual": 0.9265,
        "router_cost": 0.0732
      },
      "3": {
        "oracle": 0.9993,
        "actual": 0.9982,
        "router_cost": 0.0011
      }
    },
    "2": {
      "0": {
        "oracle": 0.9918,
        "actual": 0.8822,
        "router_cost": 0.1096
      },
      "1": {
        "oracle": 0.9996,
        "actual": 0.932,
        "router_cost": 0.0676
      },
      "2": {
        "oracle": 0.9997,
        "actual": 0.927,
        "router_cost": 0.0727
      },
      "3": {
        "oracle": 0.9993,
        "actual": 0.9982,
        "router_cost": 0.0011
      },
      "4": {
        "oracle": 1.0,
        "actual": 0.8886,
        "router_cost": 0.1114
      }
    },
    "3": {
      "0": {
        "oracle": 0.9918,
        "actual": 0.8519,
        "router_cost": 0.1399
      },
      "1": {
        "oracle": 0.9996,
        "actual": 0.9836,
        "router_cost": 0.016
      },
      "2": {
        "oracle": 0.9997,
        "actual": 0.9272,
        "router_cost": 0.0725
      },
      "3": {
        "oracle": 0.9993,
        "actual": 0.9982,
        "router_cost": 0.0011
      },
      "4": {
        "oracle": 1.0,
        "actual": 0.8829,
        "router_cost": 0.1171
      },
      "6": {
        "oracle": 0.9949,
        "actual": 0.11,
        "router_cost": 0.8849
      },
      "7": {
        "oracle": 0.4286,
        "actual": 0.1429,
        "router_cost": 0.2857
      }
    }
  }
}