{
  "config": {
    "dataset": "CIC-IDS-2018",
    "seed": 2,
    "tasks": [
      [
        0,
        1
      ],
      [
        2,
        3
      ],
      [
        4,
        5
      ],
      [
        6
      ]
    ],
    "smoke": false,
    "top_k": 15,
    "score": "decision-level joint head+router (PILoRADecisionScore)",
    "head_weight": 1.0,
    "router_weight": 0.5
  },
  "decision_level_transitions": [
    {
      "from": 0,
      "to": 1,
      "per_class": {
        "0": {
          "cosine": 0.9942477771807466,
          "kendall_tau": 0.9060175794455713,
          "top15_jaccard": 1.0,
          "acc_change": -0.0015
        },
        "1": {
          "cosine": 0.9992663477473211,
          "kendall_tau": 0.9598229485869935,
          "top15_jaccard": 1.0,
          "acc_change": -0.4615
        }
      }
    },
    {
      "from": 1,
      "to": 2,
      "per_class": {
        "0": {
          "cosine": 0.9981921055941305,
          "kendall_tau": 0.9499661933739013,
          "top15_jaccard": 1.0,
          "acc_change": -0.2501
        },
        "1": {
          "cosine": 0.9994170385342637,
          "kendall_tau": 0.9625468164794007,
          "top15_jaccard": 0.7647058823529411,
          "acc_change": 0.0
        },
        "2": {
          "cosine": 0.9977020718518571,
          "kendall_tau": 0.9741232550221313,
          "top15_jaccard": 0.875,
          "acc_change": 0.0
        },
        "3": {
          "cosine": 0.9994005216654602,
          "kendall_tau": 0.9754851889683349,
          "top15_jaccard": 1.0,
          "acc_change": 0.0
        }
      }
    },
    {
      "from": 2,
      "to": 3,
      "per_class": {
        "0": {
          "cosine": 0.9995469910979533,
          "kendall_tau": 0.9540229885057471,
          "top15_jaccard": 1.0,
          "acc_change": -0.0064
        },
        "1": {
          "cosine": 0.9999209267920437,
          "kendall_tau": 0.9829758256724548,
          "top15_jaccard": 1.0,
          "acc_change": 0.0
        },
        "2": {
          "cosine": 0.9992286947799202,
          "kendall_tau": 0.9863806605379638,
          "top15_jaccard": 1.0,
          "acc_change": 0.0
        },
        "3": {
          "cosine": 0.9996684673811442,
          "kendall_tau": 0.9523323118828736,
          "top15_jaccard": 0.875,
          "acc_change": 0.0
        },
        "4": {
          "cosine": 0.9978658876136458,
          "kendall_tau": 0.9782903663500678,
          "top15_jaccard": 0.875,
          "acc_change": 0.0
        },
        "5": {
          "cosine": 0.9979381746567428,
          "kendall_tau": 0.9710924369747899,
          "top15_jaccard": 1.0,
          "acc_change": -0.0007
        }
      }
    }
  ],
  "oracle_vs_actual": {
    "0": {
      "0": {
        "oracle": 1.0,
        "actual": 1.0,
        "router_cost": 0.0
      },
      "1": {
        "oracle": 1.0,
        "actual": 1.0,
        "router_cost": 0.0
      }
    },
    "1": {
      "0": {
        "oracle": 1.0,
        "actual": 0.9985,
        "router_cost": 0.0015
      },
      "1": {
        "oracle": 1.0,
        "actual": 0.5385,
        "router_cost": 0.4615
      },
      "2": {
        "oracle": 0.9995,
        "actual": 0.9995,
        "router_cost": 0.0
      },
      "3": {
        "oracle": 1.0,
        "actual": 0.4662,
        "router_cost": 0.5338
      }
    },
    "2": {
      "0": {
        "oracle": 1.0,
        "actual": 0.7484,
        "router_cost": 0.2516
      },
      "1": {
        "oracle": 1.0,
        "actual": 0.5385,
        "router_cost": 0.4615
      },
      "2": {
        "oracle": 0.9995,
        "actual": 0.9995,
        "router_cost": 0.0
      },
      "3": {
        "oracle": 1.0,
        "actual": 0.4662,
        "router_cost": 0.5338
      },
      "4": {
        "oracle": 0.8871,
        "actual": 0.4086,
        "router_cost": 0.4785
      },
      "5": {
        "oracle": 0.999,
        "actual": 0.4078,
        "router_cost": 0.5912
      }
    },
    "3": {
      "0": {
        "oracle": 1.0,
        "actual": 0.742,
        "router_cost": 0.258
      },
      "1": {
        "oracle": 1.0,
        "actual": 0.5385,
        "router_cost": 0.4615
      },
      "2": {
        "oracle": 0.9995,
        "actual": 0.9995,
        "router_cost": 0.0
      },
      "3": {
        "oracle": 1.0,
        "actual": 0.4662,
        "router_cost": 0.5338
      },
      "4": {
        "oracle": 0.8871,
        "actual": 0.4086,
        "router_cost": 0.4785
      },
      "5": {
        "oracle": 0.999,
        "actual": 0.4071,
        "router_cost": 0.5919
      },
      "6": {
        "oracle": 1.0,
        "actual": 0.9955,
        "router_cost": 0.0045
      }
    }
  }
}