{
  "config": {
    "dataset": "UNSW-NB15",
    "seed": 0,
    "tasks": [
      [
        0,
        1
      ],
      [
        2,
        3
      ],
      [
        4,
        5
      ],
      [
        6,
        7
      ],
      [
        8,
        9
      ]
    ],
    "smoke": false,
    "top_k": 15,
    "score": "decision-level joint head+router (PILoRADecisionScore)",
    "head_weight": 1.0,
    "router_weight": 0.5
  },
  "decision_level_transitions": [
    {
      "from": 0,
      "to": 1,
      "per_class": {
        "0": {
          "cosine": 0.9527640273332814,
          "kendall_tau": 0.9738751814223511,
          "top15_jaccard": 0.7647058823529411,
          "acc_change": -0.2421
        },
        "1": {
          "cosine": 0.9978724898329498,
          "kendall_tau": 0.9894975534073279,
          "top15_jaccard": 1.0,
          "acc_change": -0.0187
        }
      }
    },
    {
      "from": 1,
      "to": 2,
      "per_class": {
        "0": {
          "cosine": 0.9988033023965914,
          "kendall_tau": 0.9919615942838002,
          "top15_jaccard": 1.0,
          "acc_change": -0.005
        },
        "1": {
          "cosine": 0.9987556431227894,
          "kendall_tau": 0.9933166248955724,
          "top15_jaccard": 1.0,
          "acc_change": -0.0008
        },
        "2": {
          "cosine": 0.9968841647553282,
          "kendall_tau": 0.9600599889494041,
          "top15_jaccard": 1.0,
          "acc_change": -0.0924
        },
        "3": {
          "cosine": 0.9962700961546846,
          "kendall_tau": 0.9637130801687764,
          "top15_jaccard": 0.875,
          "acc_change": -0.0688
        }
      }
    },
    {
      "from": 2,
      "to": 3,
      "per_class": {
        "0": {
          "cosine": 0.9986673230370913,
          "kendall_tau": 0.9935246176175057,
          "top15_jaccard": 1.0,
          "acc_change": 0.0015
        },
        "1": {
          "cosine": 0.9993662947045121,
          "kendall_tau": 0.9930779329275571,
          "top15_jaccard": 1.0,
          "acc_change": -0.0001
        },
        "2": {
          "cosine": 0.9977086402075103,
          "kendall_tau": 0.9569026758228748,
          "top15_jaccard": 0.7647058823529411,
          "acc_change": 0.0152
        },
        "3": {
          "cosine": 0.9903834322907702,
          "kendall_tau": 0.959662447257384,
          "top15_jaccard": 0.7647058823529411,
          "acc_change": -0.013
        },
        "4": {
          "cosine": 0.9954988365087455,
          "kendall_tau": 0.9053293611386959,
          "top15_jaccard": 0.875,
          "acc_change": -0.0135
        },
        "5": {
          "cosine": 0.9902607926325547,
          "kendall_tau": 0.9768730886850154,
          "top15_jaccard": 0.875,
          "acc_change": 0.0034
        }
      }
    },
    {
      "from": 3,
      "to": 4,
      "per_class": {
        "0": {
          "cosine": 0.9996275831202417,
          "kendall_tau": 0.9935246176175057,
          "top15_jaccard": 0.875,
          "acc_change": -0.0037
        },
        "1": {
          "cosine": 0.9997877807977987,
          "kendall_tau": 0.9964196204797708,
          "top15_jaccard": 0.875,
          "acc_change": -0.0021
        },
        "2": {
          "cosine": 0.9989093760550048,
          "kendall_tau": 0.965427421264504,
          "top15_jaccard": 0.875,
          "acc_change": -0.0287
        },
        "3": {
          "cosine": 0.9985967342018539,
          "kendall_tau": 0.9758649789029537,
          "top15_jaccard": 0.7647058823529411,
          "acc_change": -0.0119
        },
        "4": {
          "cosine": 0.9980939763930242,
          "kendall_tau": 0.9187024164184047,
          "top15_jaccard": 1.0,
          "acc_change": -0.0027
        },
        "5": {
          "cosine": 0.9986195161153046,
          "kendall_tau": 0.9850917431192662,
          "top15_jaccard": 0.875,
          "acc_change": -0.1553
        },
        "6": {
          "cosine": 0.9950143678216576,
          "kendall_tau": 0.8005148005148004,
          "top15_jaccard": 1.0,
          "acc_change": 0.0
        },
        "7": {
          "cosine": 0.996150605980854,
          "kendall_tau": 0.8798442647499253,
          "top15_jaccard": 1.0,
          "acc_change": -0.0017
        }
      }
    }
  ],
  "oracle_vs_actual": {
    "0": {
      "0": {
        "oracle": 0.9985,
        "actual": 0.9199,
        "router_cost": 0.0785
      },
      "1": {
        "oracle": 0.988,
        "actual": 0.9946,
        "router_cost": -0.0066
      }
    },
    "1": {
      "0": {
        "oracle": 0.9985,
        "actual": 0.6778,
        "router_cost": 0.3206
      },
      "1": {
        "oracle": 0.988,
        "actual": 0.9759,
        "router_cost": 0.0121
      },
      "2": {
        "oracle": 0.9106,
        "actual": 0.6089,
        "router_cost": 0.3017
      },
      "3": {
        "oracle": 0.7737,
        "actual": 0.5617,
        "router_cost": 0.212
      }
    },
    "2": {
      "0": {
        "oracle": 0.9985,
        "actual": 0.6728,
        "router_cost": 0.3256
      },
      "1": {
        "oracle": 0.988,
        "actual": 0.9751,
        "router_cost": 0.0129
      },
      "2": {
        "oracle": 0.9106,
        "actual": 0.5164,
        "router_cost": 0.3942
      },
      "3": {
        "oracle": 0.7737,
        "actual": 0.4929,
        "router_cost": 0.2808
      },
      "4": {
        "oracle": 0.8677,
        "actual": 0.202,
        "router_cost": 0.6657
      },
      "5": {
        "oracle": 0.897,
        "actual": 0.649,
        "router_cost": 0.248
      }
    },
    "3": {
      "0": {
        "oracle": 0.9985,
        "actual": 0.6744,
        "router_cost": 0.3241
      },
      "1": {
        "oracle": 0.988,
        "actual": 0.975,
        "router_cost": 0.0129
      },
      "2": {
        "oracle": 0.9106,
        "actual": 0.5316,
        "router_cost": 0.379
      },
      "3": {
        "oracle": 0.7737,
        "actual": 0.4799,
        "router_cost": 0.2938
      },
      "4": {
        "oracle": 0.8677,
        "actual": 0.1886,
        "router_cost": 0.6791
      },
      "5": {
        "oracle": 0.897,
        "actual": 0.6525,
        "router_cost": 0.2446
      },
      "6": {
        "oracle": 0.1359,
        "actual": 0.034,
        "router_cost": 0.1019
      },
      "7": {
        "oracle": 0.1304,
        "actual": 0.0103,
        "router_cost": 0.1201
      }
    },
    "4": {
      "0": {
        "oracle": 0.9985,
        "actual": 0.6707,
        "router_cost": 0.3278
      },
      "1": {
        "oracle": 0.988,
        "actual": 0.973,
        "router_cost": 0.015
      },
      "2": {
        "oracle": 0.9106,
        "actual": 0.5029,
        "router_cost": 0.4077
      },
      "3": {
        "oracle": 0.7737,
        "actual": 0.468,
        "router_cost": 0.3057
      },
      "4": {
        "oracle": 0.8677,
        "actual": 0.1859,
        "router_cost": 0.6818
      },
      "5": {
        "oracle": 0.897,
        "actual": 0.4971,
        "router_cost": 0.3999
      },
      "6": {
        "oracle": 0.1359,
        "actual": 0.034,
        "router_cost": 0.1019
      },
      "7": {
        "oracle": 0.1304,
        "actual": 0.0086,
        "router_cost": 0.1218
      },
      "8": {
        "oracle": 1.0,
        "actual": 0.4735,
        "router_cost": 0.5265
      },
      "9": {
        "oracle": 0.6591,
        "actual": 0.1591,
        "router_cost": 0.5
      }
    }
  }
}