{
  "config": {
    "dataset": "NSL-KDD",
    "seed": 2,
    "tasks": [
      [
        0,
        1
      ],
      [
        2
      ],
      [
        3
      ],
      [
        4
      ]
    ],
    "smoke": false,
    "top_k": 15,
    "score": "decision-level joint head+router (PILoRADecisionScore)",
    "head_weight": 1.0,
    "router_weight": 0.5
  },
  "decision_level_transitions": [
    {
      "from": 0,
      "to": 1,
      "per_class": {
        "0": {
          "cosine": 0.934618388378346,
          "kendall_tau": 0.925925925925926,
          "top15_jaccard": 0.7647058823529411,
          "acc_change": -0.0671
        },
        "1": {
          "cosine": 0.9955376542261708,
          "kendall_tau": 0.9441185551096016,
          "top15_jaccard": 0.875,
          "acc_change": -0.1328
        }
      }
    },
    {
      "from": 1,
      "to": 2,
      "per_class": {
        "0": {
          "cosine": 0.9988190607287668,
          "kendall_tau": 0.9590828924162259,
          "top15_jaccard": 0.875,
          "acc_change": -0.0013
        },
        "1": {
          "cosine": 0.9995174279758688,
          "kendall_tau": 0.9756097560975608,
          "top15_jaccard": 1.0,
          "acc_change": 0.0005
        },
        "2": {
          "cosine": 0.9829019231970787,
          "kendall_tau": 0.9590204897551223,
          "top15_jaccard": 0.7647058823529411,
          "acc_change": -0.0054
        }
      }
    },
    {
      "from": 2,
      "to": 3,
      "per_class": {
        "0": {
          "cosine": 0.9937402177603221,
          "kendall_tau": 0.9552028218694886,
          "top15_jaccard": 0.875,
          "acc_change": -0.0005
        },
        "1": {
          "cosine": 0.9980408992918961,
          "kendall_tau": 0.971596171657919,
          "top15_jaccard": 0.875,
          "acc_change": -0.0035
        },
        "2": {
          "cosine": 0.9900694985134506,
          "kendall_tau": 0.9683491587539563,
          "top15_jaccard": 0.875,
          "acc_change": -0.0066
        },
        "3": {
          "cosine": 0.996497865148296,
          "kendall_tau": 0.9703703703703705,
          "top15_jaccard": 0.875,
          "acc_change": 0.0114
        }
      }
    }
  ],
  "oracle_vs_actual": {
    "0": {
      "0": {
        "oracle": 0.9898,
        "actual": 0.9877,
        "router_cost": 0.0021
      },
      "1": {
        "oracle": 0.8481,
        "actual": 0.8594,
        "router_cost": -0.0113
      }
    },
    "1": {
      "0": {
        "oracle": 0.9898,
        "actual": 0.9206,
        "router_cost": 0.0692
      },
      "1": {
        "oracle": 0.8481,
        "actual": 0.7265,
        "router_cost": 0.1216
      },
      "2": {
        "oracle": 0.9587,
        "actual": 0.7559,
        "router_cost": 0.2028
      }
    },
    "2": {
      "0": {
        "oracle": 0.9898,
        "actual": 0.9193,
        "router_cost": 0.0705
      },
      "1": {
        "oracle": 0.8481,
        "actual": 0.7271,
        "router_cost": 0.121
      },
      "2": {
        "oracle": 0.9587,
        "actual": 0.7505,
        "router_cost": 0.2082
      },
      "3": {
        "oracle": 0.9979,
        "actual": 0.149,
        "router_cost": 0.8489
      }
    },
    "3": {
      "0": {
        "oracle": 0.9898,
        "actual": 0.9188,
        "router_cost": 0.0711
      },
      "1": {
        "oracle": 0.8481,
        "actual": 0.7236,
        "router_cost": 0.1245
      },
      "2": {
        "oracle": 0.9587,
        "actual": 0.7439,
        "router_cost": 0.2148
      },
      "3": {
        "oracle": 0.9979,
        "actual": 0.1605,
        "router_cost": 0.8374
      },
      "4": {
        "oracle": 0.806,
        "actual": 0.0896,
        "router_cost": 0.7164
      }
    }
  }
}