{
  "config": {
    "dataset": "NSL-KDD",
    "seed": 3,
    "tasks": [
      [
        0,
        1
      ],
      [
        2
      ],
      [
        3
      ],
      [
        4
      ]
    ],
    "smoke": false,
    "top_k": 15,
    "score": "decision-level joint head+router (PILoRADecisionScore)",
    "head_weight": 1.0,
    "router_weight": 0.5
  },
  "decision_level_transitions": [
    {
      "from": 0,
      "to": 1,
      "per_class": {
        "0": {
          "cosine": 0.9881748833032151,
          "kendall_tau": 0.9353476283300842,
          "top15_jaccard": 0.875,
          "acc_change": -0.0274
        },
        "1": {
          "cosine": 0.9893098543324798,
          "kendall_tau": 0.8912466843501325,
          "top15_jaccard": 0.875,
          "acc_change": -0.0928
        }
      }
    },
    {
      "from": 1,
      "to": 2,
      "per_class": {
        "0": {
          "cosine": 0.9987203303149794,
          "kendall_tau": 0.9723846653671213,
          "top15_jaccard": 0.875,
          "acc_change": -0.0025
        },
        "1": {
          "cosine": 0.9989422496197965,
          "kendall_tau": 0.9610963748894783,
          "top15_jaccard": 0.875,
          "acc_change": -0.0051
        },
        "2": {
          "cosine": 0.9826017909289759,
          "kendall_tau": 0.970668815471394,
          "top15_jaccard": 0.875,
          "acc_change": 0.0
        }
      }
    },
    {
      "from": 2,
      "to": 3,
      "per_class": {
        "0": {
          "cosine": 0.9864017780654329,
          "kendall_tau": 0.9629629629629629,
          "top15_jaccard": 0.6666666666666666,
          "acc_change": -0.0004
        },
        "1": {
          "cosine": 0.9980446367941851,
          "kendall_tau": 0.9661066902446213,
          "top15_jaccard": 1.0,
          "acc_change": 0.0004
        },
        "2": {
          "cosine": 0.9929002402796899,
          "kendall_tau": 0.9680902497985496,
          "top15_jaccard": 0.7647058823529411,
          "acc_change": -0.0004
        },
        "3": {
          "cosine": 0.9904667744295701,
          "kendall_tau": 0.9627601314348303,
          "top15_jaccard": 0.7647058823529411,
          "acc_change": 0.0059
        }
      }
    }
  ],
  "oracle_vs_actual": {
    "0": {
      "0": {
        "oracle": 0.9532,
        "actual": 0.9524,
        "router_cost": 0.0008
      },
      "1": {
        "oracle": 0.8497,
        "actual": 0.8653,
        "router_cost": -0.0155
      }
    },
    "1": {
      "0": {
        "oracle": 0.9532,
        "actual": 0.925,
        "router_cost": 0.0282
      },
      "1": {
        "oracle": 0.8497,
        "actual": 0.7725,
        "router_cost": 0.0772
      },
      "2": {
        "oracle": 0.9959,
        "actual": 0.7699,
        "router_cost": 0.2259
      }
    },
    "2": {
      "0": {
        "oracle": 0.9532,
        "actual": 0.9226,
        "router_cost": 0.0307
      },
      "1": {
        "oracle": 0.8497,
        "actual": 0.7674,
        "router_cost": 0.0823
      },
      "2": {
        "oracle": 0.9959,
        "actual": 0.7699,
        "router_cost": 0.2259
      },
      "3": {
        "oracle": 0.9983,
        "actual": 0.1813,
        "router_cost": 0.817
      }
    },
    "3": {
      "0": {
        "oracle": 0.9532,
        "actual": 0.9222,
        "router_cost": 0.0311
      },
      "1": {
        "oracle": 0.8497,
        "actual": 0.7678,
        "router_cost": 0.0819
      },
      "2": {
        "oracle": 0.9959,
        "actual": 0.7695,
        "router_cost": 0.2264
      },
      "3": {
        "oracle": 0.9983,
        "actual": 0.1872,
        "router_cost": 0.8111
      },
      "4": {
        "oracle": 0.0,
        "actual": 0.0,
        "router_cost": 0.0
      }
    }
  }
}