{
  "config": {
    "dataset": "CIC-IDS-2017",
    "seed": 42,
    "tasks": [
      [
        0,
        1
      ],
      [
        2,
        3
      ],
      [
        4,
        5
      ],
      [
        6,
        7
      ]
    ],
    "smoke": false,
    "top_k": 15,
    "score": "decision-level joint head+router (PILoRADecisionScore)",
    "head_weight": 1.0,
    "router_weight": 0.5
  },
  "decision_level_transitions": [
    {
      "from": 0,
      "to": 1,
      "per_class": {
        "0": {
          "cosine": 0.9865185878725912,
          "kendall_tau": 0.9291794347974122,
          "top15_jaccard": 0.6666666666666666,
          "acc_change": -0.0958
        },
        "1": {
          "cosine": 0.9914781644719189,
          "kendall_tau": 0.9046646237657472,
          "top15_jaccard": 0.875,
          "acc_change": -0.0263
        }
      }
    },
    {
      "from": 1,
      "to": 2,
      "per_class": {
        "0": {
          "cosine": 0.997234175638028,
          "kendall_tau": 0.9700374531835204,
          "top15_jaccard": 0.875,
          "acc_change": -0.059
        },
        "1": {
          "cosine": 0.9970837214433677,
          "kendall_tau": 0.9570990806945862,
          "top15_jaccard": 0.875,
          "acc_change": 0.0001
        },
        "2": {
          "cosine": 0.9893023008086813,
          "kendall_tau": 0.9339462036091248,
          "top15_jaccard": 0.875,
          "acc_change": 0.0
        },
        "3": {
          "cosine": 0.9931042051154052,
          "kendall_tau": 0.9332652366360231,
          "top15_jaccard": 0.875,
          "acc_change": -0.0004
        }
      }
    },
    {
      "from": 2,
      "to": 3,
      "per_class": {
        "0": {
          "cosine": 0.9988110507469048,
          "kendall_tau": 0.9666326183180115,
          "top15_jaccard": 1.0,
          "acc_change": -0.0098
        },
        "1": {
          "cosine": 0.9984393591842393,
          "kendall_tau": 0.9761661559414367,
          "top15_jaccard": 1.0,
          "acc_change": -0.0
        },
        "2": {
          "cosine": 0.9960839026121663,
          "kendall_tau": 0.9666326183180115,
          "top15_jaccard": 1.0,
          "acc_change": 0.0
        },
        "3": {
          "cosine": 0.9953947695227264,
          "kendall_tau": 0.9652706843718077,
          "top15_jaccard": 0.875,
          "acc_change": 0.0
        },
        "4": {
          "cosine": 0.9902439821926875,
          "kendall_tau": 0.9271365338781068,
          "top15_jaccard": 0.875,
          "acc_change": -0.001
        }
      }
    }
  ],
  "oracle_vs_actual": {
    "0": {
      "0": {
        "oracle": 0.9927,
        "actual": 0.9916,
        "router_cost": 0.0011
      },
      "1": {
        "oracle": 0.9997,
        "actual": 0.9984,
        "router_cost": 0.0013
      }
    },
    "1": {
      "0": {
        "oracle": 0.9927,
        "actual": 0.8957,
        "router_cost": 0.097
      },
      "1": {
        "oracle": 0.9997,
        "actual": 0.9721,
        "router_cost": 0.0276
      },
      "2": {
        "oracle": 1.0,
        "actual": 0.9754,
        "router_cost": 0.0246
      },
      "3": {
        "oracle": 0.9989,
        "actual": 0.9978,
        "router_cost": 0.0011
      }
    },
    "2": {
      "0": {
        "oracle": 0.9927,
        "actual": 0.8367,
        "router_cost": 0.156
      },
      "1": {
        "oracle": 0.9997,
        "actual": 0.9722,
        "router_cost": 0.0275
      },
      "2": {
        "oracle": 1.0,
        "actual": 0.9754,
        "router_cost": 0.0246
      },
      "3": {
        "oracle": 0.9989,
        "actual": 0.9975,
        "router_cost": 0.0014
      },
      "4": {
        "oracle": 1.0,
        "actual": 0.9556,
        "router_cost": 0.0444
      }
    },
    "3": {
      "0": {
        "oracle": 0.9927,
        "actual": 0.8269,
        "router_cost": 0.1658
      },
      "1": {
        "oracle": 0.9997,
        "actual": 0.9721,
        "router_cost": 0.0275
      },
      "2": {
        "oracle": 1.0,
        "actual": 0.9754,
        "router_cost": 0.0246
      },
      "3": {
        "oracle": 0.9989,
        "actual": 0.9975,
        "router_cost": 0.0014
      },
      "4": {
        "oracle": 1.0,
        "actual": 0.9546,
        "router_cost": 0.0454
      },
      "6": {
        "oracle": 0.9795,
        "actual": 0.1176,
        "router_cost": 0.8619
      },
      "7": {
        "oracle": 0.1429,
        "actual": 0.1429,
        "router_cost": 0.0
      }
    }
  }
}