{
  "config": {
    "dataset": "UNSW-NB15",
    "seed": 2,
    "tasks": [
      [
        0,
        1
      ],
      [
        2,
        3
      ],
      [
        4,
        5
      ],
      [
        6,
        7
      ],
      [
        8,
        9
      ]
    ],
    "smoke": false,
    "top_k": 15,
    "score": "decision-level joint head+router (PILoRADecisionScore)",
    "head_weight": 1.0,
    "router_weight": 0.5
  },
  "decision_level_transitions": [
    {
      "from": 0,
      "to": 1,
      "per_class": {
        "0": {
          "cosine": 0.6891000389213874,
          "kendall_tau": 0.9353775140125288,
          "top15_jaccard": 0.5,
          "acc_change": -0.2869
        },
        "1": {
          "cosine": 0.9961993186816019,
          "kendall_tau": 0.9879423914257004,
          "top15_jaccard": 0.875,
          "acc_change": -0.0133
        }
      }
    },
    {
      "from": 1,
      "to": 2,
      "per_class": {
        "0": {
          "cosine": 0.9989608421244569,
          "kendall_tau": 0.9931860644026816,
          "top15_jaccard": 0.875,
          "acc_change": -0.0101
        },
        "1": {
          "cosine": 0.996022148281858,
          "kendall_tau": 0.9919615942838002,
          "top15_jaccard": 1.0,
          "acc_change": -0.0011
        },
        "2": {
          "cosine": 0.9968974627906227,
          "kendall_tau": 0.9660692951015531,
          "top15_jaccard": 0.875,
          "acc_change": -0.0982
        },
        "3": {
          "cosine": 0.9988775469680693,
          "kendall_tau": 0.9789782028086498,
          "top15_jaccard": 1.0,
          "acc_change": -0.0696
        }
      }
    },
    {
      "from": 2,
      "to": 3,
      "per_class": {
        "0": {
          "cosine": 0.9982705194593955,
          "kendall_tau": 0.9942850862732168,
          "top15_jaccard": 0.875,
          "acc_change": -0.0029
        },
        "1": {
          "cosine": 0.9987562921882188,
          "kendall_tau": 0.9944177738081945,
          "top15_jaccard": 0.875,
          "acc_change": -0.0006
        },
        "2": {
          "cosine": 0.9988073065597675,
          "kendall_tau": 0.9694145758661886,
          "top15_jaccard": 1.0,
          "acc_change": 0.0295
        },
        "3": {
          "cosine": 0.9986401105208943,
          "kendall_tau": 0.9726027397260273,
          "top15_jaccard": 1.0,
          "acc_change": -0.0089
        },
        "4": {
          "cosine": 0.9943911432517332,
          "kendall_tau": 0.91103624680267,
          "top15_jaccard": 0.875,
          "acc_change": -0.0276
        },
        "5": {
          "cosine": 0.9899468239568895,
          "kendall_tau": 0.98625629113434,
          "top15_jaccard": 0.7647058823529411,
          "acc_change": -0.0049
        }
      }
    },
    {
      "from": 3,
      "to": 4,
      "per_class": {
        "0": {
          "cosine": 0.9993809074803853,
          "kendall_tau": 0.9936256731508956,
          "top15_jaccard": 0.875,
          "acc_change": -0.0045
        },
        "1": {
          "cosine": 0.9983451893643241,
          "kendall_tau": 0.9944177738081945,
          "top15_jaccard": 0.7647058823529411,
          "acc_change": -0.0026
        },
        "2": {
          "cosine": 0.999299748133145,
          "kendall_tau": 0.974352847471127,
          "top15_jaccard": 0.875,
          "acc_change": -0.0171
        },
        "3": {
          "cosine": 0.9982570109035279,
          "kendall_tau": 0.9753596967347289,
          "top15_jaccard": 1.0,
          "acc_change": -0.0183
        },
        "4": {
          "cosine": 0.9979542891297839,
          "kendall_tau": 0.9155281053091271,
          "top15_jaccard": 0.875,
          "acc_change": 0.002
        },
        "5": {
          "cosine": 0.9974349617983673,
          "kendall_tau": 0.9889663182346109,
          "top15_jaccard": 0.875,
          "acc_change": -0.2314
        },
        "6": {
          "cosine": 0.9968870816953431,
          "kendall_tau": 0.8253841775754124,
          "top15_jaccard": 1.0,
          "acc_change": 0.0
        },
        "7": {
          "cosine": 0.997791778642779,
          "kendall_tau": 0.9080258786501137,
          "top15_jaccard": 0.7647058823529411,
          "acc_change": 0.0
        }
      }
    }
  ],
  "oracle_vs_actual": {
    "0": {
      "0": {
        "oracle": 0.9984,
        "actual": 0.9642,
        "router_cost": 0.0341
      },
      "1": {
        "oracle": 0.9882,
        "actual": 0.9918,
        "router_cost": -0.0036
      }
    },
    "1": {
      "0": {
        "oracle": 0.9984,
        "actual": 0.6773,
        "router_cost": 0.321
      },
      "1": {
        "oracle": 0.9882,
        "actual": 0.9785,
        "router_cost": 0.0097
      },
      "2": {
        "oracle": 0.8856,
        "actual": 0.5352,
        "router_cost": 0.3503
      },
      "3": {
        "oracle": 0.789,
        "actual": 0.5751,
        "router_cost": 0.214
      }
    },
    "2": {
      "0": {
        "oracle": 0.9984,
        "actual": 0.6672,
        "router_cost": 0.3311
      },
      "1": {
        "oracle": 0.9882,
        "actual": 0.9774,
        "router_cost": 0.0108
      },
      "2": {
        "oracle": 0.8856,
        "actual": 0.437,
        "router_cost": 0.4485
      },
      "3": {
        "oracle": 0.789,
        "actual": 0.5054,
        "router_cost": 0.2836
      },
      "4": {
        "oracle": 0.8736,
        "actual": 0.2257,
        "router_cost": 0.6478
      },
      "5": {
        "oracle": 0.8993,
        "actual": 0.6856,
        "router_cost": 0.2137
      }
    },
    "3": {
      "0": {
        "oracle": 0.9984,
        "actual": 0.6643,
        "router_cost": 0.3341
      },
      "1": {
        "oracle": 0.9882,
        "actual": 0.9768,
        "router_cost": 0.0114
      },
      "2": {
        "oracle": 0.8856,
        "actual": 0.4665,
        "router_cost": 0.4191
      },
      "3": {
        "oracle": 0.789,
        "actual": 0.4965,
        "router_cost": 0.2925
      },
      "4": {
        "oracle": 0.8736,
        "actual": 0.1981,
        "router_cost": 0.6755
      },
      "5": {
        "oracle": 0.8993,
        "actual": 0.6808,
        "router_cost": 0.2185
      },
      "6": {
        "oracle": 0.6086,
        "actual": 0.0266,
        "router_cost": 0.582
      },
      "7": {
        "oracle": 0.8302,
        "actual": 0.0309,
        "router_cost": 0.7993
      }
    },
    "4": {
      "0": {
        "oracle": 0.9984,
        "actual": 0.6597,
        "router_cost": 0.3386
      },
      "1": {
        "oracle": 0.9882,
        "actual": 0.9741,
        "router_cost": 0.0141
      },
      "2": {
        "oracle": 0.8856,
        "actual": 0.4494,
        "router_cost": 0.4361
      },
      "3": {
        "oracle": 0.789,
        "actual": 0.4782,
        "router_cost": 0.3108
      },
      "4": {
        "oracle": 0.8736,
        "actual": 0.2,
        "router_cost": 0.6735
      },
      "5": {
        "oracle": 0.8993,
        "actual": 0.4494,
        "router_cost": 0.4499
      },
      "6": {
        "oracle": 0.6086,
        "actual": 0.0266,
        "router_cost": 0.582
      },
      "7": {
        "oracle": 0.8302,
        "actual": 0.0309,
        "router_cost": 0.7993
      },
      "8": {
        "oracle": 1.0,
        "actual": 0.5238,
        "router_cost": 0.4762
      },
      "9": {
        "oracle": 0.7727,
        "actual": 0.2727,
        "router_cost": 0.5
      }
    }
  }
}