{
  "config": {
    "dataset": "NSL-KDD",
    "seed": 42,
    "tasks": [
      [
        0,
        1
      ],
      [
        2
      ],
      [
        3
      ],
      [
        4
      ]
    ],
    "smoke": false,
    "top_k": 15,
    "score": "decision-level joint head+router (PILoRADecisionScore)",
    "head_weight": 1.0,
    "router_weight": 0.5
  },
  "decision_level_transitions": [
    {
      "from": 0,
      "to": 1,
      "per_class": {
        "0": {
          "cosine": 0.9939923169608867,
          "kendall_tau": 0.944973544973545,
          "top15_jaccard": 0.875,
          "acc_change": -0.0528
        },
        "1": {
          "cosine": 0.9922066786336521,
          "kendall_tau": 0.9070700833590614,
          "top15_jaccard": 0.7647058823529411,
          "acc_change": -0.0925
        }
      }
    },
    {
      "from": 1,
      "to": 2,
      "per_class": {
        "0": {
          "cosine": 0.9966660773781033,
          "kendall_tau": 0.9703703703703705,
          "top15_jaccard": 0.875,
          "acc_change": -0.0007
        },
        "1": {
          "cosine": 0.9980181457561129,
          "kendall_tau": 0.952763198518061,
          "top15_jaccard": 0.875,
          "acc_change": -0.0024
        },
        "2": {
          "cosine": 0.9876634370769011,
          "kendall_tau": 0.9640449438202249,
          "top15_jaccard": 0.875,
          "acc_change": -0.0025
        }
      }
    },
    {
      "from": 2,
      "to": 3,
      "per_class": {
        "0": {
          "cosine": 0.99426494125874,
          "kendall_tau": 0.9686067019400354,
          "top15_jaccard": 0.875,
          "acc_change": 0.0001
        },
        "1": {
          "cosine": 0.9976908407877153,
          "kendall_tau": 0.9533806730472367,
          "top15_jaccard": 0.7647058823529411,
          "acc_change": -0.0017
        },
        "2": {
          "cosine": 0.9155477491635404,
          "kendall_tau": 0.9509075194468455,
          "top15_jaccard": 0.6666666666666666,
          "acc_change": 0.0045
        },
        "3": {
          "cosine": 0.9876459154017543,
          "kendall_tau": 0.9574762316335352,
          "top15_jaccard": 0.875,
          "acc_change": 0.0225
        }
      }
    }
  ],
  "oracle_vs_actual": {
    "0": {
      "0": {
        "oracle": 0.9897,
        "actual": 0.9872,
        "router_cost": 0.0025
      },
      "1": {
        "oracle": 0.8574,
        "actual": 0.8646,
        "router_cost": -0.0072
      }
    },
    "1": {
      "0": {
        "oracle": 0.9897,
        "actual": 0.9344,
        "router_cost": 0.0553
      },
      "1": {
        "oracle": 0.8574,
        "actual": 0.7721,
        "router_cost": 0.0853
      },
      "2": {
        "oracle": 1.0,
        "actual": 0.767,
        "router_cost": 0.233
      }
    },
    "2": {
      "0": {
        "oracle": 0.9897,
        "actual": 0.9337,
        "router_cost": 0.056
      },
      "1": {
        "oracle": 0.8574,
        "actual": 0.7697,
        "router_cost": 0.0877
      },
      "2": {
        "oracle": 1.0,
        "actual": 0.7646,
        "router_cost": 0.2354
      },
      "3": {
        "oracle": 0.9685,
        "actual": 0.1106,
        "router_cost": 0.8579
      }
    },
    "3": {
      "0": {
        "oracle": 0.9897,
        "actual": 0.9338,
        "router_cost": 0.0559
      },
      "1": {
        "oracle": 0.8574,
        "actual": 0.768,
        "router_cost": 0.0894
      },
      "2": {
        "oracle": 1.0,
        "actual": 0.7691,
        "router_cost": 0.2309
      },
      "3": {
        "oracle": 0.9685,
        "actual": 0.1331,
        "router_cost": 0.8354
      },
      "4": {
        "oracle": 0.597,
        "actual": 0.1045,
        "router_cost": 0.4925
      }
    }
  }
}