{
  "config": {
    "dataset": "CIC-IDS-2018",
    "seed": 0,
    "tasks": [
      [
        0,
        1
      ],
      [
        2,
        3
      ],
      [
        4,
        5
      ],
      [
        6
      ]
    ],
    "smoke": false,
    "top_k": 15,
    "score": "decision-level joint head+router (PILoRADecisionScore)",
    "head_weight": 1.0,
    "router_weight": 0.5
  },
  "decision_level_transitions": [
    {
      "from": 0,
      "to": 1,
      "per_class": {
        "0": {
          "cosine": 0.9951250200633981,
          "kendall_tau": 0.9267299864314791,
          "top15_jaccard": 0.875,
          "acc_change": -0.0037
        },
        "1": {
          "cosine": 0.999112578476059,
          "kendall_tau": 0.9523323118828736,
          "top15_jaccard": 1.0,
          "acc_change": -0.4647
        }
      }
    },
    {
      "from": 1,
      "to": 2,
      "per_class": {
        "0": {
          "cosine": 0.9985006902918018,
          "kendall_tau": 0.9565807327001358,
          "top15_jaccard": 0.7647058823529411,
          "acc_change": -0.2799
        },
        "1": {
          "cosine": 0.9993289594637546,
          "kendall_tau": 0.9516513449097717,
          "top15_jaccard": 0.875,
          "acc_change": 0.0
        },
        "2": {
          "cosine": 0.997985175537311,
          "kendall_tau": 0.9645897173987061,
          "top15_jaccard": 1.0,
          "acc_change": 0.0
        },
        "3": {
          "cosine": 0.9992309290793473,
          "kendall_tau": 0.967994552264215,
          "top15_jaccard": 1.0,
          "acc_change": 0.0
        }
      }
    },
    {
      "from": 2,
      "to": 3,
      "per_class": {
        "0": {
          "cosine": 0.9991572997726714,
          "kendall_tau": 0.9701492537313433,
          "top15_jaccard": 1.0,
          "acc_change": -0.0059
        },
        "1": {
          "cosine": 0.9998050363488299,
          "kendall_tau": 0.9734422880490295,
          "top15_jaccard": 1.0,
          "acc_change": 0.0
        },
        "2": {
          "cosine": 0.9995201676444488,
          "kendall_tau": 0.9843377596186583,
          "top15_jaccard": 1.0,
          "acc_change": 0.0
        },
        "3": {
          "cosine": 0.9998257870545156,
          "kendall_tau": 0.9768471229145385,
          "top15_jaccard": 1.0,
          "acc_change": 0.0
        },
        "4": {
          "cosine": 0.9983751784805058,
          "kendall_tau": 0.9735413839891452,
          "top15_jaccard": 0.875,
          "acc_change": 0.0
        },
        "5": {
          "cosine": 0.9990919405634393,
          "kendall_tau": 0.9704201680672268,
          "top15_jaccard": 1.0,
          "acc_change": -0.0014
        }
      }
    }
  ],
  "oracle_vs_actual": {
    "0": {
      "0": {
        "oracle": 1.0,
        "actual": 1.0,
        "router_cost": 0.0
      },
      "1": {
        "oracle": 1.0,
        "actual": 1.0,
        "router_cost": 0.0
      }
    },
    "1": {
      "0": {
        "oracle": 1.0,
        "actual": 0.9963,
        "router_cost": 0.0037
      },
      "1": {
        "oracle": 1.0,
        "actual": 0.5353,
        "router_cost": 0.4647
      },
      "2": {
        "oracle": 0.9995,
        "actual": 0.9995,
        "router_cost": 0.0
      },
      "3": {
        "oracle": 1.0,
        "actual": 0.4686,
        "router_cost": 0.5314
      }
    },
    "2": {
      "0": {
        "oracle": 1.0,
        "actual": 0.7164,
        "router_cost": 0.2836
      },
      "1": {
        "oracle": 1.0,
        "actual": 0.5353,
        "router_cost": 0.4647
      },
      "2": {
        "oracle": 0.9995,
        "actual": 0.9995,
        "router_cost": 0.0
      },
      "3": {
        "oracle": 1.0,
        "actual": 0.4686,
        "router_cost": 0.5314
      },
      "4": {
        "oracle": 0.8172,
        "actual": 0.4086,
        "router_cost": 0.4086
      },
      "5": {
        "oracle": 0.9899,
        "actual": 0.4252,
        "router_cost": 0.5647
      }
    },
    "3": {
      "0": {
        "oracle": 1.0,
        "actual": 0.7105,
        "router_cost": 0.2895
      },
      "1": {
        "oracle": 1.0,
        "actual": 0.5353,
        "router_cost": 0.4647
      },
      "2": {
        "oracle": 0.9995,
        "actual": 0.9995,
        "router_cost": 0.0
      },
      "3": {
        "oracle": 1.0,
        "actual": 0.4686,
        "router_cost": 0.5314
      },
      "4": {
        "oracle": 0.8172,
        "actual": 0.4086,
        "router_cost": 0.4086
      },
      "5": {
        "oracle": 0.9899,
        "actual": 0.4238,
        "router_cost": 0.5661
      },
      "6": {
        "oracle": 0.9992,
        "actual": 0.9742,
        "router_cost": 0.025
      }
    }
  }
}