{
  "config": {
    "dataset": "NF-ToN-IoT-v2",
    "seed": 2,
    "tasks": [
      [
        0,
        1
      ],
      [
        2,
        3
      ],
      [
        4,
        5
      ],
      [
        6,
        7
      ],
      [
        8,
        9
      ]
    ],
    "smoke": false,
    "top_k": 15,
    "score": "decision-level joint head+router (PILoRADecisionScore)",
    "head_weight": 1.0,
    "router_weight": 0.5
  },
  "decision_level_transitions": [
    {
      "from": 0,
      "to": 1,
      "per_class": {
        "0": {
          "cosine": 0.9978721472705706,
          "kendall_tau": 0.9562243502051984,
          "top15_jaccard": 0.875,
          "acc_change": -0.0666
        },
        "1": {
          "cosine": 0.997632472091263,
          "kendall_tau": 0.9655172413793103,
          "top15_jaccard": 1.0,
          "acc_change": 0.0115
        }
      }
    },
    {
      "from": 1,
      "to": 2,
      "per_class": {
        "0": {
          "cosine": 0.9992097357052169,
          "kendall_tau": 0.9534883720930232,
          "top15_jaccard": 0.875,
          "acc_change": -0.0076
        },
        "1": {
          "cosine": 0.999888004251796,
          "kendall_tau": 0.9885057471264367,
          "top15_jaccard": 1.0,
          "acc_change": -0.0007
        },
        "2": {
          "cosine": 0.9806206533678478,
          "kendall_tau": 0.9568965517241379,
          "top15_jaccard": 0.875,
          "acc_change": -0.0139
        },
        "3": {
          "cosine": 0.9961488633920509,
          "kendall_tau": 0.9593495934959352,
          "top15_jaccard": 1.0,
          "acc_change": -0.1116
        }
      }
    },
    {
      "from": 2,
      "to": 3,
      "per_class": {
        "0": {
          "cosine": 0.9991398159938146,
          "kendall_tau": 0.9863201094391244,
          "top15_jaccard": 1.0,
          "acc_change": -0.0038
        },
        "1": {
          "cosine": 0.9993454316585109,
          "kendall_tau": 0.9827586206896551,
          "top15_jaccard": 1.0,
          "acc_change": -0.0001
        },
        "2": {
          "cosine": 0.9985736482346349,
          "kendall_tau": 0.9827586206896551,
          "top15_jaccard": 0.875,
          "acc_change": -0.0675
        },
        "3": {
          "cosine": 0.9990706562666503,
          "kendall_tau": 0.97289972899729,
          "top15_jaccard": 1.0,
          "acc_change": -0.0038
        },
        "4": {
          "cosine": 0.9996294367068904,
          "kendall_tau": 0.9741379310344827,
          "top15_jaccard": 1.0,
          "acc_change": 0.0
        },
        "5": {
          "cosine": 0.998686246697517,
          "kendall_tau": 0.9701897018970191,
          "top15_jaccard": 1.0,
          "acc_change": -0.0553
        }
      }
    },
    {
      "from": 3,
      "to": 4,
      "per_class": {
        "0": {
          "cosine": 0.9994348537708041,
          "kendall_tau": 0.9781121751025991,
          "top15_jaccard": 1.0,
          "acc_change": -0.0157
        },
        "1": {
          "cosine": 0.9995001759569792,
          "kendall_tau": 0.9885057471264367,
          "top15_jaccard": 1.0,
          "acc_change": -0.0007
        },
        "2": {
          "cosine": 0.9999129645510448,
          "kendall_tau": 0.9942528735632182,
          "top15_jaccard": 1.0,
          "acc_change": -0.174
        },
        "3": {
          "cosine": 0.9990752421511332,
          "kendall_tau": 0.9810298102981031,
          "top15_jaccard": 1.0,
          "acc_change": 0.0002
        },
        "4": {
          "cosine": 0.9993240905186802,
          "kendall_tau": 0.9885057471264367,
          "top15_jaccard": 1.0,
          "acc_change": 0.0
        },
        "5": {
          "cosine": 0.9986101457544858,
          "kendall_tau": 0.9783197831978321,
          "top15_jaccard": 1.0,
          "acc_change": -0.0015
        },
        "6": {
          "cosine": 0.9989714866237042,
          "kendall_tau": 0.9648648648648649,
          "top15_jaccard": 0.875,
          "acc_change": -0.0001
        },
        "7": {
          "cosine": 0.9993744232374558,
          "kendall_tau": 0.9810298102981031,
          "top15_jaccard": 1.0,
          "acc_change": -0.0943
        }
      }
    }
  ],
  "oracle_vs_actual": {
    "0": {
      "0": {
        "oracle": 0.9751,
        "actual": 0.9448,
        "router_cost": 0.0303
      },
      "1": {
        "oracle": 0.9682,
        "actual": 0.9513,
        "router_cost": 0.0169
      }
    },
    "1": {
      "0": {
        "oracle": 0.9751,
        "actual": 0.8782,
        "router_cost": 0.0969
      },
      "1": {
        "oracle": 0.9682,
        "actual": 0.9628,
        "router_cost": 0.0054
      },
      "2": {
        "oracle": 0.9983,
        "actual": 0.9941,
        "router_cost": 0.0042
      },
      "3": {
        "oracle": 0.9785,
        "actual": 0.7753,
        "router_cost": 0.2032
      }
    },
    "2": {
      "0": {
        "oracle": 0.9751,
        "actual": 0.8706,
        "router_cost": 0.1045
      },
      "1": {
        "oracle": 0.9682,
        "actual": 0.9621,
        "router_cost": 0.0061
      },
      "2": {
        "oracle": 0.9983,
        "actual": 0.9802,
        "router_cost": 0.0181
      },
      "3": {
        "oracle": 0.9785,
        "actual": 0.6637,
        "router_cost": 0.3148
      },
      "4": {
        "oracle": 0.9878,
        "actual": 0.9878,
        "router_cost": 0.0
      },
      "5": {
        "oracle": 0.9994,
        "actual": 0.881,
        "router_cost": 0.1184
      }
    },
    "3": {
      "0": {
        "oracle": 0.9751,
        "actual": 0.8668,
        "router_cost": 0.1083
      },
      "1": {
        "oracle": 0.9682,
        "actual": 0.962,
        "router_cost": 0.0062
      },
      "2": {
        "oracle": 0.9983,
        "actual": 0.9127,
        "router_cost": 0.0856
      },
      "3": {
        "oracle": 0.9785,
        "actual": 0.6599,
        "router_cost": 0.3186
      },
      "4": {
        "oracle": 0.9878,
        "actual": 0.9878,
        "router_cost": 0.0
      },
      "5": {
        "oracle": 0.9994,
        "actual": 0.8257,
        "router_cost": 0.1737
      },
      "6": {
        "oracle": 0.9595,
        "actual": 0.5451,
        "router_cost": 0.4144
      },
      "7": {
        "oracle": 0.9281,
        "actual": 0.4086,
        "router_cost": 0.5195
      }
    },
    "4": {
      "0": {
        "oracle": 0.9751,
        "actual": 0.8511,
        "router_cost": 0.124
      },
      "1": {
        "oracle": 0.9682,
        "actual": 0.9613,
        "router_cost": 0.0069
      },
      "2": {
        "oracle": 0.9983,
        "actual": 0.7387,
        "router_cost": 0.2596
      },
      "3": {
        "oracle": 0.9785,
        "actual": 0.6601,
        "router_cost": 0.3184
      },
      "4": {
        "oracle": 0.9878,
        "actual": 0.9878,
        "router_cost": 0.0
      },
      "5": {
        "oracle": 0.9994,
        "actual": 0.8242,
        "router_cost": 0.1752
      },
      "6": {
        "oracle": 0.9595,
        "actual": 0.545,
        "router_cost": 0.4145
      },
      "7": {
        "oracle": 0.9281,
        "actual": 0.3143,
        "router_cost": 0.6138
      },
      "8": {
        "oracle": 0.9343,
        "actual": 0.6219,
        "router_cost": 0.3124
      },
      "9": {
        "oracle": 0.9551,
        "actual": 0.4489,
        "router_cost": 0.5062
      }
    }
  }
}