{
  "config": {
    "dataset": "NF-ToN-IoT-v2",
    "seed": 42,
    "tasks": [
      [
        0,
        1
      ],
      [
        2,
        3
      ],
      [
        4,
        5
      ],
      [
        6,
        7
      ],
      [
        8,
        9
      ]
    ],
    "smoke": false,
    "top_k": 15,
    "score": "decision-level joint head+router (PILoRADecisionScore)",
    "head_weight": 1.0,
    "router_weight": 0.5
  },
  "decision_level_transitions": [
    {
      "from": 0,
      "to": 1,
      "per_class": {
        "0": {
          "cosine": 0.9962035905425908,
          "kendall_tau": 0.8741450068399453,
          "top15_jaccard": 0.875,
          "acc_change": -0.0499
        },
        "1": {
          "cosine": 0.5403052539373318,
          "kendall_tau": 0.8780141843971632,
          "top15_jaccard": 0.7647058823529411,
          "acc_change": 0.0181
        }
      }
    },
    {
      "from": 1,
      "to": 2,
      "per_class": {
        "0": {
          "cosine": 0.9993147085604158,
          "kendall_tau": 0.9616963064295485,
          "top15_jaccard": 1.0,
          "acc_change": -0.0095
        },
        "1": {
          "cosine": 0.9999235614732926,
          "kendall_tau": 0.9744680851063829,
          "top15_jaccard": 1.0,
          "acc_change": -0.003
        },
        "2": {
          "cosine": 0.978121844639281,
          "kendall_tau": 0.9290780141843973,
          "top15_jaccard": 1.0,
          "acc_change": 0.0036
        },
        "3": {
          "cosine": 0.9992559184235379,
          "kendall_tau": 0.951219512195122,
          "top15_jaccard": 1.0,
          "acc_change": -0.3383
        }
      }
    },
    {
      "from": 2,
      "to": 3,
      "per_class": {
        "0": {
          "cosine": 0.9989717874909585,
          "kendall_tau": 0.9808481532147741,
          "top15_jaccard": 1.0,
          "acc_change": -0.0084
        },
        "1": {
          "cosine": 0.9999053060025479,
          "kendall_tau": 0.9971631205673759,
          "top15_jaccard": 1.0,
          "acc_change": -0.0016
        },
        "2": {
          "cosine": 0.9994053296281643,
          "kendall_tau": 0.9801418439716312,
          "top15_jaccard": 1.0,
          "acc_change": -0.0401
        },
        "3": {
          "cosine": 0.9989580211889273,
          "kendall_tau": 0.9810298102981031,
          "top15_jaccard": 1.0,
          "acc_change": -0.0012
        },
        "4": {
          "cosine": 0.9996118892725869,
          "kendall_tau": 0.9801418439716312,
          "top15_jaccard": 1.0,
          "acc_change": 0.0
        },
        "5": {
          "cosine": 0.9994738080574396,
          "kendall_tau": 0.9756097560975611,
          "top15_jaccard": 0.875,
          "acc_change": -0.0238
        }
      }
    },
    {
      "from": 3,
      "to": 4,
      "per_class": {
        "0": {
          "cosine": 0.9998780919337286,
          "kendall_tau": 0.9835841313269493,
          "top15_jaccard": 1.0,
          "acc_change": -0.0114
        },
        "1": {
          "cosine": 0.9999417356221738,
          "kendall_tau": 0.9971631205673759,
          "top15_jaccard": 1.0,
          "acc_change": 0.0001
        },
        "2": {
          "cosine": 0.9995942608024401,
          "kendall_tau": 0.9886524822695035,
          "top15_jaccard": 1.0,
          "acc_change": -0.1455
        },
        "3": {
          "cosine": 0.9997770455468078,
          "kendall_tau": 0.9620596205962061,
          "top15_jaccard": 1.0,
          "acc_change": -0.0017
        },
        "4": {
          "cosine": 0.9995295384906457,
          "kendall_tau": 0.9971631205673759,
          "top15_jaccard": 1.0,
          "acc_change": -0.0003
        },
        "5": {
          "cosine": 0.9994614914251786,
          "kendall_tau": 0.9701897018970191,
          "top15_jaccard": 1.0,
          "acc_change": 0.0001
        },
        "6": {
          "cosine": 0.9996307512342695,
          "kendall_tau": 0.9648648648648649,
          "top15_jaccard": 1.0,
          "acc_change": 0.0002
        },
        "7": {
          "cosine": 0.9999173199987416,
          "kendall_tau": 0.9918699186991872,
          "top15_jaccard": 0.875,
          "acc_change": -0.0108
        }
      }
    }
  ],
  "oracle_vs_actual": {
    "0": {
      "0": {
        "oracle": 0.9737,
        "actual": 0.9437,
        "router_cost": 0.03
      },
      "1": {
        "oracle": 0.9654,
        "actual": 0.9509,
        "router_cost": 0.0145
      }
    },
    "1": {
      "0": {
        "oracle": 0.9737,
        "actual": 0.8938,
        "router_cost": 0.0799
      },
      "1": {
        "oracle": 0.9654,
        "actual": 0.969,
        "router_cost": -0.0036
      },
      "2": {
        "oracle": 0.9982,
        "actual": 0.9816,
        "router_cost": 0.0166
      },
      "3": {
        "oracle": 0.9785,
        "actual": 0.7659,
        "router_cost": 0.2126
      }
    },
    "2": {
      "0": {
        "oracle": 0.9737,
        "actual": 0.8843,
        "router_cost": 0.0894
      },
      "1": {
        "oracle": 0.9654,
        "actual": 0.966,
        "router_cost": -0.0006
      },
      "2": {
        "oracle": 0.9982,
        "actual": 0.9852,
        "router_cost": 0.013
      },
      "3": {
        "oracle": 0.9785,
        "actual": 0.4276,
        "router_cost": 0.5509
      },
      "4": {
        "oracle": 0.9878,
        "actual": 0.9878,
        "router_cost": 0.0
      },
      "5": {
        "oracle": 0.9988,
        "actual": 0.8966,
        "router_cost": 0.1022
      }
    },
    "3": {
      "0": {
        "oracle": 0.9737,
        "actual": 0.8759,
        "router_cost": 0.0978
      },
      "1": {
        "oracle": 0.9654,
        "actual": 0.9644,
        "router_cost": 0.001
      },
      "2": {
        "oracle": 0.9982,
        "actual": 0.9451,
        "router_cost": 0.0531
      },
      "3": {
        "oracle": 0.9785,
        "actual": 0.4264,
        "router_cost": 0.5521
      },
      "4": {
        "oracle": 0.9878,
        "actual": 0.9878,
        "router_cost": 0.0
      },
      "5": {
        "oracle": 0.9988,
        "actual": 0.8728,
        "router_cost": 0.126
      },
      "6": {
        "oracle": 0.8973,
        "actual": 0.5325,
        "router_cost": 0.3648
      },
      "7": {
        "oracle": 0.8698,
        "actual": 0.4299,
        "router_cost": 0.4399
      }
    },
    "4": {
      "0": {
        "oracle": 0.9737,
        "actual": 0.8645,
        "router_cost": 0.1092
      },
      "1": {
        "oracle": 0.9654,
        "actual": 0.9645,
        "router_cost": 0.0009
      },
      "2": {
        "oracle": 0.9982,
        "actual": 0.7996,
        "router_cost": 0.1986
      },
      "3": {
        "oracle": 0.9785,
        "actual": 0.4247,
        "router_cost": 0.5538
      },
      "4": {
        "oracle": 0.9878,
        "actual": 0.9875,
        "router_cost": 0.0003
      },
      "5": {
        "oracle": 0.9988,
        "actual": 0.8729,
        "router_cost": 0.1259
      },
      "6": {
        "oracle": 0.8973,
        "actual": 0.5327,
        "router_cost": 0.3646
      },
      "7": {
        "oracle": 0.8698,
        "actual": 0.4191,
        "router_cost": 0.4507
      },
      "8": {
        "oracle": 0.9708,
        "actual": 0.6905,
        "router_cost": 0.2803
      },
      "9": {
        "oracle": 0.9252,
        "actual": 0.4157,
        "router_cost": 0.5094
      }
    }
  }
}