{
  "config": {
    "dataset": "CIC-IDS-2018",
    "seed": 1,
    "tasks": [
      [
        0,
        1
      ],
      [
        2,
        3
      ],
      [
        4,
        5
      ],
      [
        6
      ]
    ],
    "smoke": false,
    "top_k": 15,
    "score": "decision-level joint head+router (PILoRADecisionScore)",
    "head_weight": 1.0,
    "router_weight": 0.5
  },
  "decision_level_transitions": [
    {
      "from": 0,
      "to": 1,
      "per_class": {
        "0": {
          "cosine": 0.9936526556538934,
          "kendall_tau": 0.8955223880597015,
          "top15_jaccard": 0.7647058823529411,
          "acc_change": -0.0044
        },
        "1": {
          "cosine": 0.9989294458642214,
          "kendall_tau": 0.9348710990502036,
          "top15_jaccard": 0.875,
          "acc_change": -0.4678
        }
      }
    },
    {
      "from": 1,
      "to": 2,
      "per_class": {
        "0": {
          "cosine": 0.998895761186404,
          "kendall_tau": 0.9436906377204886,
          "top15_jaccard": 0.875,
          "acc_change": -0.0871
        },
        "1": {
          "cosine": 0.9993063370277055,
          "kendall_tau": 0.9430122116689281,
          "top15_jaccard": 0.875,
          "acc_change": 0.0
        },
        "2": {
          "cosine": 0.9913122295416463,
          "kendall_tau": 0.944369063772049,
          "top15_jaccard": 0.875,
          "acc_change": 0.0
        },
        "3": {
          "cosine": 0.9995030930347871,
          "kendall_tau": 0.9789687924016283,
          "top15_jaccard": 0.875,
          "acc_change": 0.0
        }
      }
    },
    {
      "from": 2,
      "to": 3,
      "per_class": {
        "0": {
          "cosine": 0.9997434292988785,
          "kendall_tau": 0.9674355495251018,
          "top15_jaccard": 1.0,
          "acc_change": -0.0162
        },
        "1": {
          "cosine": 0.9995619195977741,
          "kendall_tau": 0.9654002713704207,
          "top15_jaccard": 1.0,
          "acc_change": 0.0
        },
        "2": {
          "cosine": 0.9972819298152384,
          "kendall_tau": 0.9728629579375848,
          "top15_jaccard": 1.0,
          "acc_change": 0.0
        },
        "3": {
          "cosine": 0.9997770969702079,
          "kendall_tau": 0.9755766621438263,
          "top15_jaccard": 1.0,
          "acc_change": 0.0
        },
        "4": {
          "cosine": 0.9958862840826178,
          "kendall_tau": 0.9525101763907735,
          "top15_jaccard": 1.0,
          "acc_change": 0.0054
        },
        "5": {
          "cosine": 0.9993264321505085,
          "kendall_tau": 0.9744537815126049,
          "top15_jaccard": 0.875,
          "acc_change": 0.0031
        }
      }
    }
  ],
  "oracle_vs_actual": {
    "0": {
      "0": {
        "oracle": 1.0,
        "actual": 1.0,
        "router_cost": 0.0
      },
      "1": {
        "oracle": 1.0,
        "actual": 1.0,
        "router_cost": 0.0
      }
    },
    "1": {
      "0": {
        "oracle": 1.0,
        "actual": 0.9956,
        "router_cost": 0.0044
      },
      "1": {
        "oracle": 1.0,
        "actual": 0.5322,
        "router_cost": 0.4678
      },
      "2": {
        "oracle": 1.0,
        "actual": 0.9995,
        "router_cost": 0.0005
      },
      "3": {
        "oracle": 1.0,
        "actual": 0.4695,
        "router_cost": 0.5305
      }
    },
    "2": {
      "0": {
        "oracle": 1.0,
        "actual": 0.9085,
        "router_cost": 0.0915
      },
      "1": {
        "oracle": 1.0,
        "actual": 0.5322,
        "router_cost": 0.4678
      },
      "2": {
        "oracle": 1.0,
        "actual": 0.9995,
        "router_cost": 0.0005
      },
      "3": {
        "oracle": 1.0,
        "actual": 0.4695,
        "router_cost": 0.5305
      },
      "4": {
        "oracle": 0.8172,
        "actual": 0.414,
        "router_cost": 0.4032
      },
      "5": {
        "oracle": 0.9944,
        "actual": 0.3093,
        "router_cost": 0.6851
      }
    },
    "3": {
      "0": {
        "oracle": 1.0,
        "actual": 0.8923,
        "router_cost": 0.1077
      },
      "1": {
        "oracle": 1.0,
        "actual": 0.5322,
        "router_cost": 0.4678
      },
      "2": {
        "oracle": 1.0,
        "actual": 0.9995,
        "router_cost": 0.0005
      },
      "3": {
        "oracle": 1.0,
        "actual": 0.4695,
        "router_cost": 0.5305
      },
      "4": {
        "oracle": 0.8172,
        "actual": 0.4194,
        "router_cost": 0.3978
      },
      "5": {
        "oracle": 0.9944,
        "actual": 0.3124,
        "router_cost": 0.682
      },
      "6": {
        "oracle": 1.0,
        "actual": 0.9955,
        "router_cost": 0.0045
      }
    }
  }
}