{
  "config": {
    "dataset": "CIC-IDS-2018",
    "seed": 3,
    "tasks": [
      [
        0,
        1
      ],
      [
        2,
        3
      ],
      [
        4,
        5
      ],
      [
        6
      ]
    ],
    "smoke": false,
    "top_k": 15,
    "score": "decision-level joint head+router (PILoRADecisionScore)",
    "head_weight": 1.0,
    "router_weight": 0.5
  },
  "decision_level_transitions": [
    {
      "from": 0,
      "to": 1,
      "per_class": {
        "0": {
          "cosine": 0.995376744337035,
          "kendall_tau": 0.9226594301221168,
          "top15_jaccard": 0.7647058823529411,
          "acc_change": -0.0039
        },
        "1": {
          "cosine": 0.9991259594371724,
          "kendall_tau": 0.9250936329588013,
          "top15_jaccard": 0.7647058823529411,
          "acc_change": -0.4661
        }
      }
    },
    {
      "from": 1,
      "to": 2,
      "per_class": {
        "0": {
          "cosine": 0.9992835390254554,
          "kendall_tau": 0.9647218453188603,
          "top15_jaccard": 0.875,
          "acc_change": -0.1298
        },
        "1": {
          "cosine": 0.9994733394429238,
          "kendall_tau": 0.9598229485869935,
          "top15_jaccard": 1.0,
          "acc_change": 0.0
        },
        "2": {
          "cosine": 0.9966631600962842,
          "kendall_tau": 0.9271365338781068,
          "top15_jaccard": 0.7647058823529411,
          "acc_change": 0.0
        },
        "3": {
          "cosine": 0.9993948027124616,
          "kendall_tau": 0.9407558733401429,
          "top15_jaccard": 1.0,
          "acc_change": 0.0
        }
      }
    },
    {
      "from": 2,
      "to": 3,
      "per_class": {
        "0": {
          "cosine": 0.9996674157120413,
          "kendall_tau": 0.9708276797829037,
          "top15_jaccard": 1.0,
          "acc_change": -0.0081
        },
        "1": {
          "cosine": 0.9997378159115298,
          "kendall_tau": 0.9788900238338439,
          "top15_jaccard": 1.0,
          "acc_change": 0.0
        },
        "2": {
          "cosine": 0.9995875433242776,
          "kendall_tau": 0.9802519577800476,
          "top15_jaccard": 0.875,
          "acc_change": 0.0
        },
        "3": {
          "cosine": 0.9993405500038359,
          "kendall_tau": 0.9441607082056519,
          "top15_jaccard": 1.0,
          "acc_change": 0.0
        },
        "4": {
          "cosine": 0.998675035319516,
          "kendall_tau": 0.9728629579375848,
          "top15_jaccard": 0.875,
          "acc_change": 0.0
        },
        "5": {
          "cosine": 0.9965005492748849,
          "kendall_tau": 0.9381512605042016,
          "top15_jaccard": 0.875,
          "acc_change": -0.0004
        }
      }
    }
  ],
  "oracle_vs_actual": {
    "0": {
      "0": {
        "oracle": 1.0,
        "actual": 1.0,
        "router_cost": 0.0
      },
      "1": {
        "oracle": 1.0,
        "actual": 1.0,
        "router_cost": 0.0
      }
    },
    "1": {
      "0": {
        "oracle": 1.0,
        "actual": 0.9961,
        "router_cost": 0.0039
      },
      "1": {
        "oracle": 1.0,
        "actual": 0.5339,
        "router_cost": 0.4661
      },
      "2": {
        "oracle": 1.0,
        "actual": 0.9995,
        "router_cost": 0.0005
      },
      "3": {
        "oracle": 1.0,
        "actual": 0.4705,
        "router_cost": 0.5295
      }
    },
    "2": {
      "0": {
        "oracle": 1.0,
        "actual": 0.8663,
        "router_cost": 0.1337
      },
      "1": {
        "oracle": 1.0,
        "actual": 0.5339,
        "router_cost": 0.4661
      },
      "2": {
        "oracle": 1.0,
        "actual": 0.9995,
        "router_cost": 0.0005
      },
      "3": {
        "oracle": 1.0,
        "actual": 0.4705,
        "router_cost": 0.5295
      },
      "4": {
        "oracle": 0.9677,
        "actual": 0.4086,
        "router_cost": 0.5591
      },
      "5": {
        "oracle": 0.9993,
        "actual": 0.3723,
        "router_cost": 0.627
      }
    },
    "3": {
      "0": {
        "oracle": 1.0,
        "actual": 0.8582,
        "router_cost": 0.1418
      },
      "1": {
        "oracle": 1.0,
        "actual": 0.5339,
        "router_cost": 0.4661
      },
      "2": {
        "oracle": 1.0,
        "actual": 0.9995,
        "router_cost": 0.0005
      },
      "3": {
        "oracle": 1.0,
        "actual": 0.4705,
        "router_cost": 0.5295
      },
      "4": {
        "oracle": 0.9677,
        "actual": 0.4086,
        "router_cost": 0.5591
      },
      "5": {
        "oracle": 0.9993,
        "actual": 0.3719,
        "router_cost": 0.6274
      },
      "6": {
        "oracle": 0.9989,
        "actual": 0.9742,
        "router_cost": 0.0247
      }
    }
  }
}