{
  "config": {
    "dataset": "NSL-KDD",
    "seed": 1,
    "tasks": [
      [
        0,
        1
      ],
      [
        2
      ],
      [
        3
      ],
      [
        4
      ]
    ],
    "smoke": false,
    "top_k": 15,
    "score": "decision-level joint head+router (PILoRADecisionScore)",
    "head_weight": 1.0,
    "router_weight": 0.5
  },
  "decision_level_transitions": [
    {
      "from": 0,
      "to": 1,
      "per_class": {
        "0": {
          "cosine": 0.9926080620425567,
          "kendall_tau": 0.9450274862568715,
          "top15_jaccard": 1.0,
          "acc_change": -0.0574
        },
        "1": {
          "cosine": 0.8359918512969232,
          "kendall_tau": 0.889972813049736,
          "top15_jaccard": 0.5789473684210527,
          "acc_change": -0.0716
        }
      }
    },
    {
      "from": 1,
      "to": 2,
      "per_class": {
        "0": {
          "cosine": 0.9979672218918125,
          "kendall_tau": 0.969015492253873,
          "top15_jaccard": 0.875,
          "acc_change": -0.0083
        },
        "1": {
          "cosine": 0.9991582214333267,
          "kendall_tau": 0.966416120262274,
          "top15_jaccard": 1.0,
          "acc_change": -0.0092
        },
        "2": {
          "cosine": 0.9845882608274589,
          "kendall_tau": 0.9657142857142855,
          "top15_jaccard": 0.875,
          "acc_change": -0.0215
        }
      }
    },
    {
      "from": 2,
      "to": 3,
      "per_class": {
        "0": {
          "cosine": 0.9919276899616242,
          "kendall_tau": 0.9670164917541229,
          "top15_jaccard": 0.875,
          "acc_change": -0.0009
        },
        "1": {
          "cosine": 0.9973684090027862,
          "kendall_tau": 0.9750519750519749,
          "top15_jaccard": 0.875,
          "acc_change": 0.0095
        },
        "2": {
          "cosine": 0.9896628464291478,
          "kendall_tau": 0.9784873949579832,
          "top15_jaccard": 1.0,
          "acc_change": 0.0004
        },
        "3": {
          "cosine": 0.997420974303501,
          "kendall_tau": 0.9734453781512604,
          "top15_jaccard": 1.0,
          "acc_change": 0.0024
        }
      }
    }
  ],
  "oracle_vs_actual": {
    "0": {
      "0": {
        "oracle": 0.9929,
        "actual": 0.9899,
        "router_cost": 0.003
      },
      "1": {
        "oracle": 0.8605,
        "actual": 0.866,
        "router_cost": -0.0055
      }
    },
    "1": {
      "0": {
        "oracle": 0.9929,
        "actual": 0.9326,
        "router_cost": 0.0603
      },
      "1": {
        "oracle": 0.8605,
        "actual": 0.7944,
        "router_cost": 0.0661
      },
      "2": {
        "oracle": 0.9298,
        "actual": 0.7361,
        "router_cost": 0.1937
      }
    },
    "2": {
      "0": {
        "oracle": 0.9929,
        "actual": 0.9242,
        "router_cost": 0.0687
      },
      "1": {
        "oracle": 0.8605,
        "actual": 0.7851,
        "router_cost": 0.0753
      },
      "2": {
        "oracle": 0.9298,
        "actual": 0.7146,
        "router_cost": 0.2152
      },
      "3": {
        "oracle": 0.9979,
        "actual": 0.2135,
        "router_cost": 0.7844
      }
    },
    "3": {
      "0": {
        "oracle": 0.9929,
        "actual": 0.9233,
        "router_cost": 0.0696
      },
      "1": {
        "oracle": 0.8605,
        "actual": 0.7946,
        "router_cost": 0.0658
      },
      "2": {
        "oracle": 0.9298,
        "actual": 0.715,
        "router_cost": 0.2148
      },
      "3": {
        "oracle": 0.9979,
        "actual": 0.2159,
        "router_cost": 0.782
      },
      "4": {
        "oracle": 0.209,
        "actual": 0.0149,
        "router_cost": 0.194
      }
    }
  }
}