{
  "dataset": "NSL-KDD",
  "seed": 42,
  "buffer_per_class": 200,
  "class_order": [
    "Normal",
    "DoS",
    "Probe",
    "R2L",
    "U2R"
  ],
  "tasks": [
    [
      "Normal",
      "DoS"
    ],
    [
      "Probe"
    ],
    [
      "R2L"
    ],
    [
      "U2R"
    ]
  ],
  "results": {
    "Replay (random)": {
      "acc_matrix": [
        [
          0.930347679226603,
          NaN,
          NaN,
          NaN
        ],
        [
          0.6587269233009143,
          0.9351507641470467,
          NaN,
          NaN
        ],
        [
          0.8044377147516161,
          0.714580751755473,
          0.9303292894280762,
          NaN
        ],
        [
          0.8742647487042106,
          0.7538207352333747,
          0.4908145580589255,
          0.1044776119402985
        ]
      ],
      "avg_accuracy": 0.5558444134842023,
      "avg_forgetting": 0.2256425636017384,
      "time_sec": 18.88538956642151
    },
    "Replay-Herding": {
      "acc_matrix": [
        [
          0.930347679226603,
          NaN,
          NaN,
          NaN
        ],
        [
          0.6612893832624774,
          0.9103676166873192,
          NaN,
          NaN
        ],
        [
          0.8008852134412673,
          0.7406030565881867,
          0.9199306759098786,
          NaN
        ],
        [
          0.7964009085085318,
          0.8211482858323007,
          0.4904679376083189,
          0.0
        ]
      ],
      "avg_accuracy": 0.5270042829872879,
      "avg_forgetting": 0.21754294662488313,
      "time_sec": 58.37471127510071
    },
    "Replay-DPMeans": {
      "acc_matrix": [
        [
          0.930347679226603,
          NaN,
          NaN,
          NaN
        ],
        [
          0.6848756624541378,
          0.9289549772821148,
          NaN,
          NaN
        ],
        [
          0.8049036165628094,
          0.6836018174308137,
          0.6596187175043328,
          NaN
        ],
        [
          0.8768854463921728,
          0.7472118959107806,
          0.41421143847487,
          0.0
        ]
      ],
      "avg_accuracy": 0.5095771951944559,
      "avg_forgetting": 0.16020419774507572,
      "time_sec": 20.806745529174805
    },
    "iCaRL": {
      "acc_matrix": [
        [
          0.9297653019626114,
          NaN,
          NaN,
          NaN
        ],
        [
          0.860345932094811,
          0.7129285419248245,
          NaN,
          NaN
        ],
        [
          0.8250538698969192,
          0.8124741842213962,
          0.4610051993067591,
          NaN
        ],
        [
          0.7975074253101159,
          0.79182156133829,
          0.1487001733102253,
          0.5522388059701493
        ]
      ],
      "avg_accuracy": 0.5725669914821951,
      "avg_forgetting": 0.15507184184404518,
      "time_sec": 52.35350227355957
    }
  }
}