{
  "dataset": "CIC-IDS-2018",
  "method": "FedMAC-v0.4-MLP",
  "encoder_type": "mlp",
  "avg_accuracy": 0.7053188420380916,
  "avg_forgetting": 0.042915128607893184,
  "wall_time_sec": 295.63924765586853,
  "acc_matrix": [
    [
      1.0,
      NaN,
      NaN,
      NaN
    ],
    [
      0.9886,
      0.5094,
      NaN,
      NaN
    ],
    [
      0.8787,
      0.5094,
      0.44512075397604556,
      NaN
    ],
    [
      0.86075,
      0.5094,
      0.455625368152366,
      0.9955
    ]
  ],
  "n_families": 7,
  "n_centroids": 149,
  "lora_params_total": 16142,
  "buffer_n": 350
}