{
  "dataset": "NSL-KDD",
  "method": "FedMAC-v0.4-MLP",
  "encoder_type": "mlp",
  "avg_accuracy": 0.4569755544289138,
  "avg_forgetting": 0.015009082207708921,
  "wall_time_sec": 164.85948371887207,
  "acc_matrix": [
    [
      0.9337254673577543,
      NaN,
      NaN,
      NaN
    ],
    [
      0.879098479995341,
      0.7443205287071458,
      NaN,
      NaN
    ],
    [
      0.877642536835362,
      0.7434944237918215,
      0.13518197573656845,
      NaN
    ],
    [
      0.8842816376448663,
      0.7372986369268897,
      0.1466204506065858,
      0.05970149253731343
    ]
  ],
  "n_families": 5,
  "n_centroids": 137,
  "lora_params_total": 11530,
  "buffer_n": 250
}