{
  "dataset": "CIC-IDS-2017",
  "method": "FedMAC-v0.4-MLP",
  "encoder_type": "mlp",
  "avg_accuracy": 0.7410866948598207,
  "avg_forgetting": 0.024082687317429203,
  "wall_time_sec": 1118.9014024734497,
  "acc_matrix": [
    [
      0.9860645304112015,
      NaN,
      NaN,
      NaN
    ],
    [
      0.9511871160551221,
      0.9752572959255604,
      NaN,
      NaN
    ],
    [
      0.928131053185013,
      0.9752572959255604,
      0.8315544220899845,
      NaN
    ],
    [
      0.9163982511483757,
      0.9752572959255604,
      0.8289726394005227,
      0.24371859296482412
    ]
  ],
  "n_families": 7,
  "n_centroids": 177,
  "lora_params_total": 16142,
  "buffer_n": 329
}