{
  "dataset": "NSL-KDD",
  "method": "FedMAC-IDS-SingleSite",
  "avg_accuracy": 0.38419174924167676,
  "avg_forgetting": 0.09294091641933673,
  "wall_time_sec": 394.789094209671,
  "acc_matrix": [
    [
      0.8758954050433871,
      NaN,
      NaN,
      NaN
    ],
    [
      0.6051482150136859,
      0.9339116067740603,
      NaN,
      NaN
    ],
    [
      0.60555587909848,
      0.93969434118133,
      0.0,
      NaN
    ],
    [
      0.6045076000232951,
      0.9322593969434119,
      0.0,
      0.0
    ]
  ],
  "n_families": 5,
  "lora_params_per_family": 1154,
  "lora_params_total": 5770,
  "n_centroids_total": 131,
  "centroid_bytes": 33536,
  "comment": "Phase II prototype v0.1 \u2014 Transformer + LoRA + DPMeans routing"
}