{
  "dataset": "UNSW-NB15",
  "method": "FedMAC-v0.4-MLP",
  "encoder_type": "mlp",
  "avg_accuracy": 0.40583583863757067,
  "avg_forgetting": 0.08087062954564547,
  "wall_time_sec": 247.86593437194824,
  "acc_matrix": [
    [
      0.9623239247552398,
      NaN,
      NaN,
      NaN,
      NaN
    ],
    [
      0.7960301408601959,
      0.635745027335117,
      NaN,
      NaN,
      NaN
    ],
    [
      0.7855774910060676,
      0.5542631150401303,
      0.37930125247198415,
      NaN,
      NaN
    ],
    [
      0.780261674213814,
      0.560079097359544,
      0.3754779169413316,
      0.01984126984126984,
      NaN
    ],
    [
      0.7778811905997745,
      0.5493195300686285,
      0.32986156888595913,
      0.016666666666666666,
      0.35545023696682465
    ]
  ],
  "n_families": 10,
  "n_centroids": 294,
  "lora_params_total": 23060,
  "buffer_n": 500
}