{
  "dataset": "UNSW-NB15",
  "method": "NCM-Frozen",
  "seed": 2,
  "avg_accuracy": 0.3707337853047609,
  "avg_forgetting": 0.33484977362923946,
  "forgetting_peakdef": 0.33484977362923946,
  "acc_matrix": [
    [
      0.9418123892538168,
      NaN,
      NaN,
      NaN,
      NaN
    ],
    [
      0.5886237940971166,
      0.6270792136791904,
      NaN,
      NaN,
      NaN
    ],
    [
      0.5790481645218449,
      0.29143887402582297,
      0.6247857613711272,
      NaN,
      NaN
    ],
    [
      0.5789944694027312,
      0.2887053623356985,
      0.2914963744232037,
      0.37142857142857144,
      NaN
    ],
    [
      0.5789944694027312,
      0.20303594277073397,
      0.07224785761371127,
      0.37142857142857144,
      0.6279620853080569
    ]
  ]
}