{
  "dataset": "NF-ToN-IoT-v2",
  "method": "NCM-Frozen",
  "seed": 3,
  "avg_accuracy": 0.5133083142934859,
  "avg_forgetting": 0.08202590368208354,
  "forgetting_peakdef": 0.08202590368208354,
  "acc_matrix": [
    [
      0.9326,
      NaN,
      NaN,
      NaN,
      NaN
    ],
    [
      0.86715,
      0.8527,
      NaN,
      NaN,
      NaN
    ],
    [
      0.86215,
      0.7548,
      0.7305792546026044,
      NaN,
      NaN
    ],
    [
      0.86205,
      0.74765,
      0.5927256398742703,
      0.21945,
      NaN
    ],
    [
      0.84765,
      0.74745,
      0.5927256398742703,
      0.2194,
      0.15931593159315932
    ]
  ]
}