{
  "dataset": "NF-ToN-IoT-v2",
  "method": "Replay",
  "seed": 1,
  "avg_accuracy": 0.6686013851308795,
  "avg_forgetting": 0.3909234976051489,
  "forgetting_peakdef": 0.3909234976051489,
  "acc_matrix": [
    [
      0.969,
      NaN,
      NaN,
      NaN,
      NaN
    ],
    [
      0.8429,
      0.99005,
      NaN,
      NaN,
      NaN
    ],
    [
      0.86045,
      0.126,
      0.998652896273013,
      NaN,
      NaN
    ],
    [
      0.6019,
      0.4134,
      0.32809459661727286,
      0.9688,
      NaN
    ],
    [
      0.8443,
      0.47875,
      0.6005089058524173,
      0.43925,
      0.9801980198019802
    ]
  ]
}