{
  "dataset": "NF-ToN-IoT-v2",
  "method": "PILoRA",
  "seed": 42,
  "avg_accuracy": 0.684846620751433,
  "avg_forgetting": 0.05120268485256696,
  "forgetting_peakdef": 0.05120268485256696,
  "acc_matrix": [
    [
      0.94395,
      NaN,
      NaN,
      NaN,
      NaN
    ],
    [
      0.92125,
      0.8919,
      NaN,
      NaN,
      NaN
    ],
    [
      0.91425,
      0.8133,
      0.9103427630594222,
      NaN,
      NaN
    ],
    [
      0.91095,
      0.8044,
      0.8929052537045352,
      0.37205,
      NaN
    ],
    [
      0.9066,
      0.74265,
      0.8920820236491543,
      0.3721,
      0.5108010801080108
    ]
  ]
}