{
  "dataset": "NF-ToN-IoT-v2",
  "method": "Replay",
  "seed": 3,
  "avg_accuracy": 0.6798821695456478,
  "avg_forgetting": 0.37724757334231396,
  "forgetting_peakdef": 0.37724757334231396,
  "acc_matrix": [
    [
      0.9697,
      NaN,
      NaN,
      NaN,
      NaN
    ],
    [
      0.84905,
      0.99,
      NaN,
      NaN,
      NaN
    ],
    [
      0.8617,
      0.1315,
      0.998652896273013,
      NaN,
      NaN
    ],
    [
      0.8639,
      0.41075,
      0.32899266576859754,
      0.9676,
      NaN
    ],
    [
      0.85535,
      0.43795,
      0.6918126029037569,
      0.43185,
      0.9824482448244825
    ]
  ]
}