{
  "dataset": "CIC-IDS-2018",
  "method": "NCM-Frozen",
  "seed": 2,
  "avg_accuracy": 0.5388046485372079,
  "avg_forgetting": 0.25315697035146284,
  "forgetting_peakdef": 0.25315697035146284,
  "acc_matrix": [
    [
      0.99715,
      NaN,
      NaN,
      NaN
    ],
    [
      0.66835,
      0.8909,
      NaN,
      NaN
    ],
    [
      0.3172,
      0.8909,
      0.5516395052032201,
      NaN
    ],
    [
      0.3172,
      0.8909,
      0.4721185941488317,
      0.475
    ]
  ]
}