{
  "dataset": "NF-ToN-IoT-v2",
  "method": "Replay-DPMeans",
  "seed": 1,
  "avg_accuracy": 0.6240037925638096,
  "avg_forgetting": 0.44110773462056574,
  "forgetting_peakdef": 0.44110773462056574,
  "acc_matrix": [
    [
      0.969,
      NaN,
      NaN,
      NaN,
      NaN
    ],
    [
      0.7573,
      0.9898,
      NaN,
      NaN,
      NaN
    ],
    [
      0.7664,
      0.13205,
      0.9982038616973506,
      NaN,
      NaN
    ],
    [
      0.59365,
      0.3715,
      0.2498129022601407,
      0.96705,
      NaN
    ],
    [
      0.5157,
      0.46015,
      0.6288729232150876,
      0.5549,
      0.9603960396039604
    ]
  ]
}