{
  "dataset": "UNSW-NB15",
  "method": "NCM-Frozen",
  "seed": 3,
  "avg_accuracy": 0.37366025761781907,
  "avg_forgetting": 0.30302016999652415,
  "forgetting_peakdef": 0.30302016999652415,
  "acc_matrix": [
    [
      0.9857707934348767,
      NaN,
      NaN,
      NaN,
      NaN
    ],
    [
      0.5775447011866621,
      0.6152727695707805,
      NaN,
      NaN,
      NaN
    ],
    [
      0.573302786776682,
      0.2849249738280796,
      0.6101516150296639,
      NaN,
      NaN
    ],
    [
      0.5732132949114925,
      0.2835872978946144,
      0.42636783124588,
      0.23174603174603176,
      NaN
    ],
    [
      0.5732132949114925,
      0.21693614051413285,
      0.2089650626235992,
      0.23174603174603176,
      0.6374407582938388
    ]
  ]
}