{
  "dataset": "NF-ToN-IoT-v2",
  "method": "Naive",
  "seed": 2,
  "avg_accuracy": 0.20164967596759675,
  "avg_forgetting": 0.975906853390211,
  "forgetting_peakdef": 0.975906853390211,
  "acc_matrix": [
    [
      0.97085,
      NaN,
      NaN,
      NaN,
      NaN
    ],
    [
      0.0,
      0.98935,
      NaN,
      NaN,
      NaN
    ],
    [
      0.0,
      0.0,
      0.9988774135608441,
      NaN,
      NaN
    ],
    [
      0.0,
      0.0,
      0.0,
      0.969,
      NaN
    ],
    [
      0.0,
      0.0,
      0.0,
      0.02445,
      0.9837983798379838
    ]
  ]
}