{
  "dataset": "NF-ToN-IoT-v2",
  "method": "NCM-Frozen",
  "seed": 42,
  "avg_accuracy": 0.4671347899796715,
  "avg_forgetting": 0.09575516202664275,
  "forgetting_peakdef": 0.09575516202664275,
  "acc_matrix": [
    [
      0.91635,
      NaN,
      NaN,
      NaN,
      NaN
    ],
    [
      0.8048,
      0.87915,
      NaN,
      NaN,
      NaN
    ],
    [
      0.7993,
      0.85675,
      0.625280646609789,
      NaN,
      NaN
    ],
    [
      0.7986,
      0.8439,
      0.4373596766951055,
      0.1584,
      NaN
    ],
    [
      0.7846,
      0.81595,
      0.43720999850321807,
      0.1584,
      0.1395139513951395
    ]
  ]
}