{
  "dataset": "CIC-IDS-2018",
  "method": "NCM-Frozen",
  "seed": 1,
  "avg_accuracy": 0.5237241311604163,
  "avg_forgetting": 0.2793502716146345,
  "forgetting_peakdef": 0.2793502716146345,
  "acc_matrix": [
    [
      0.99955,
      NaN,
      NaN,
      NaN
    ],
    [
      0.6586,
      0.89105,
      NaN,
      NaN
    ],
    [
      0.3901,
      0.89105,
      0.5673473394855685,
      NaN
    ],
    [
      0.3901,
      0.8909,
      0.33889652464166503,
      0.475
    ]
  ]
}