{
  "dataset": "NF-ToN-IoT-v2",
  "method": "Replay-DPMeans",
  "seed": 42,
  "avg_accuracy": 0.6658507920414852,
  "avg_forgetting": 0.3928056484807664,
  "forgetting_peakdef": 0.3928056484807664,
  "acc_matrix": [
    [
      0.9711,
      NaN,
      NaN,
      NaN,
      NaN
    ],
    [
      0.87575,
      0.9897,
      NaN,
      NaN,
      NaN
    ],
    [
      0.89605,
      0.1304,
      0.9979793444095195,
      NaN,
      NaN
    ],
    [
      0.89505,
      0.36525,
      0.33258494237389613,
      0.9696,
      NaN
    ],
    [
      0.87985,
      0.4402,
      0.6829067504864541,
      0.3542,
      0.9720972097209721
    ]
  ]
}