{
  "dataset": "NF-ToN-IoT-v2",
  "method": "Naive",
  "seed": 1,
  "avg_accuracy": 0.19783978397839783,
  "avg_forgetting": 0.981719353390211,
  "forgetting_peakdef": 0.981719353390211,
  "acc_matrix": [
    [
      0.969,
      NaN,
      NaN,
      NaN,
      NaN
    ],
    [
      5e-05,
      0.98945,
      NaN,
      NaN,
      NaN
    ],
    [
      0.0,
      0.0,
      0.9988774135608441,
      NaN,
      NaN
    ],
    [
      0.0,
      0.0,
      0.0,
      0.96955,
      NaN
    ],
    [
      0.0,
      0.0,
      0.0,
      0.0,
      0.9891989198919892
    ]
  ]
}