{
  "dataset": "NF-ToN-IoT-v2",
  "method": "PILoRA",
  "seed": 0,
  "avg_accuracy": 0.6514259169203853,
  "avg_forgetting": 0.06385276530459512,
  "forgetting_peakdef": 0.06385276530459512,
  "acc_matrix": [
    [
      0.9563,
      NaN,
      NaN,
      NaN,
      NaN
    ],
    [
      0.92,
      0.8821,
      NaN,
      NaN,
      NaN
    ],
    [
      0.8597,
      0.80005,
      0.8765903307888041,
      NaN,
      NaN
    ],
    [
      0.85955,
      0.79265,
      0.8597515342014669,
      0.2944,
      NaN
    ],
    [
      0.8549,
      0.74485,
      0.8584792695704236,
      0.29575,
      0.5031503150315032
    ]
  ]
}