{
  "dataset": "CIC-IDS-2017",
  "method": "NCM-Frozen",
  "seed": 3,
  "avg_accuracy": 0.31173352390751896,
  "avg_forgetting": 0.18601287656575716,
  "forgetting_peakdef": 0.18601287656575716,
  "acc_matrix": [
    [
      0.8995185123692512,
      NaN,
      NaN,
      NaN
    ],
    [
      0.4771708450938071,
      0.34699703933455517,
      NaN,
      NaN
    ],
    [
      0.4213072112457801,
      0.34699703933455517,
      0.2946380781461541,
      NaN
    ],
    [
      0.34147988267197965,
      0.34699703933455517,
      0.2946380781461541,
      0.2638190954773869
    ]
  ]
}