{
  "dataset": "NF-ToN-IoT-v2",
  "method": "PILoRA",
  "seed": 2,
  "avg_accuracy": 0.6951316551982993,
  "avg_forgetting": 0.043853373372249704,
  "forgetting_peakdef": 0.043853373372249704,
  "acc_matrix": [
    [
      0.89735,
      NaN,
      NaN,
      NaN,
      NaN
    ],
    [
      0.91505,
      0.9471,
      NaN,
      NaN,
      NaN
    ],
    [
      0.91285,
      0.88335,
      0.8849723095345008,
      NaN,
      NaN
    ],
    [
      0.9097,
      0.8741,
      0.8390211046250561,
      0.40935,
      NaN
    ],
    [
      0.90645,
      0.826,
      0.8331088160455021,
      0.4155,
      0.4945994599459946
    ]
  ]
}