{
  "dataset": "CIC-IDS-2017",
  "method": "NCM-Frozen",
  "seed": 42,
  "avg_accuracy": 0.3223085941988505,
  "avg_forgetting": 0.1801907502721051,
  "forgetting_peakdef": 0.1801907502721051,
  "acc_matrix": [
    [
      0.8869998339697825,
      NaN,
      NaN,
      NaN
    ],
    [
      0.46756322984116444,
      0.3677569434653884,
      NaN,
      NaN
    ],
    [
      0.42585643920526867,
      0.3677569434653884,
      0.31123075469915934,
      NaN
    ],
    [
      0.3464275831534673,
      0.3677569434653884,
      0.31123075469915934,
      0.2638190954773869
    ]
  ]
}