{
  "dataset": "NF-ToN-IoT-v2",
  "method": "iCaRL",
  "seed": 3,
  "avg_accuracy": 0.5763715949080315,
  "avg_forgetting": 0.15128888639425236,
  "forgetting_peakdef": 0.15128888639425236,
  "acc_matrix": [
    [
      0.9371,
      NaN,
      NaN,
      NaN,
      NaN
    ],
    [
      0.85825,
      0.98765,
      NaN,
      NaN,
      NaN
    ],
    [
      0.73785,
      0.93615,
      0.7528813051938332,
      NaN,
      NaN
    ],
    [
      0.73595,
      0.8241,
      0.8007783265978147,
      0.40955,
      NaN
    ],
    [
      0.73215,
      0.8698,
      0.6638227810208053,
      0.26415,
      0.35193519351935193
    ]
  ]
}