{
  "dataset": "NF-ToN-IoT-v2",
  "method": "Replay",
  "seed": 2,
  "avg_accuracy": 0.6986068813545028,
  "avg_forgetting": 0.35399785960185604,
  "forgetting_peakdef": 0.35399785960185604,
  "acc_matrix": [
    [
      0.97085,
      NaN,
      NaN,
      NaN,
      NaN
    ],
    [
      0.85285,
      0.98965,
      NaN,
      NaN,
      NaN
    ],
    [
      0.867,
      0.124,
      0.9987277353689568,
      NaN,
      NaN
    ],
    [
      0.85215,
      0.41945,
      0.3344559197724892,
      0.9687,
      NaN
    ],
    [
      0.8534,
      0.51055,
      0.6575362969615327,
      0.49045,
      0.9810981098109811
    ]
  ]
}