{
  "dataset": "NF-ToN-IoT-v2",
  "method": "Replay",
  "seed": 0,
  "avg_accuracy": 0.6998255836041619,
  "avg_forgetting": 0.35191220064361617,
  "forgetting_peakdef": 0.35191220064361617,
  "acc_matrix": [
    [
      0.9704,
      NaN,
      NaN,
      NaN,
      NaN
    ],
    [
      0.85985,
      0.98935,
      NaN,
      NaN,
      NaN
    ],
    [
      0.86165,
      0.1288,
      0.9982787007932944,
      NaN,
      NaN
    ],
    [
      0.86015,
      0.5391,
      0.3254003891632989,
      0.96855,
      NaN
    ],
    [
      0.8573,
      0.48245,
      0.7302798982188295,
      0.4489,
      0.9801980198019802
    ]
  ]
}