{
  "dataset": "NF-ToN-IoT-v2",
  "method": "iCaRL",
  "seed": 2,
  "avg_accuracy": 0.5973202537900849,
  "avg_forgetting": 0.10088028364017362,
  "forgetting_peakdef": 0.10088028364017362,
  "acc_matrix": [
    [
      0.9056,
      NaN,
      NaN,
      NaN,
      NaN
    ],
    [
      0.85675,
      0.9878,
      NaN,
      NaN,
      NaN
    ],
    [
      0.85775,
      0.8921,
      0.7516838796587337,
      NaN,
      NaN
    ],
    [
      0.8383,
      0.86115,
      0.6766202664271815,
      0.3598,
      NaN
    ],
    [
      0.8324,
      0.8391,
      0.6568627450980392,
      0.273,
      0.3852385238523852
    ]
  ]
}