{
  "dataset": "UNSW-NB15",
  "method": "NCM-Frozen",
  "seed": 0,
  "avg_accuracy": 0.3870475626431985,
  "avg_forgetting": 0.32654161245948216,
  "forgetting_peakdef": 0.32654161245948216,
  "acc_matrix": [
    [
      0.9730629485779743,
      NaN,
      NaN,
      NaN,
      NaN
    ],
    [
      0.5964811798607507,
      0.6442945213446551,
      NaN,
      NaN,
      NaN
    ],
    [
      0.5853841885772584,
      0.31900663021984416,
      0.6313777191825972,
      NaN,
      NaN
    ],
    [
      0.5850441194895384,
      0.31720367570082586,
      0.4056690837178642,
      0.2865079365079365,
      NaN
    ],
    [
      0.5850441194895384,
      0.19879027567756194,
      0.15873434410019777,
      0.2865079365079365,
      0.7061611374407583
    ]
  ]
}