{
  "dataset": "CIC-IDS-2017",
  "method": "NCM-Frozen",
  "seed": 2,
  "avg_accuracy": 0.3209509409041355,
  "avg_forgetting": 0.1719113767594591,
  "forgetting_peakdef": 0.1719113767594591,
  "acc_matrix": [
    [
      0.8866345674912834,
      NaN,
      NaN,
      NaN
    ],
    [
      0.4819525153577951,
      0.3828774848442126,
      NaN,
      NaN
    ],
    [
      0.45136974929437157,
      0.3828774848442126,
      0.27876956015238813,
      NaN
    ],
    [
      0.3709004372129061,
      0.3828774848442126,
      0.27876956015238813,
      0.25125628140703515
    ]
  ]
}