{
  "dataset": "NF-ToN-IoT-v2",
  "method": "iCaRL",
  "seed": 42,
  "avg_accuracy": 0.5651601279391523,
  "avg_forgetting": 0.13803658322107473,
  "forgetting_peakdef": 0.13803658322107473,
  "acc_matrix": [
    [
      0.90395,
      NaN,
      NaN,
      NaN,
      NaN
    ],
    [
      0.84985,
      0.9864,
      NaN,
      NaN,
      NaN
    ],
    [
      0.49495,
      0.9254,
      0.7517587187546775,
      NaN,
      NaN
    ],
    [
      0.49395,
      0.8627,
      0.7022900763358778,
      0.3533,
      NaN
    ],
    [
      0.74125,
      0.8523,
      0.5872623858703787,
      0.26245,
      0.38253825382538253
    ]
  ]
}