{
  "dataset": "CIC-IDS-2018",
  "method": "NCM-Frozen",
  "seed": 0,
  "avg_accuracy": 0.5334568648144512,
  "avg_forgetting": 0.2606625368152366,
  "forgetting_peakdef": 0.2606625368152366,
  "acc_matrix": [
    [
      0.9995,
      NaN,
      NaN,
      NaN
    ],
    [
      0.6458,
      0.89105,
      NaN,
      NaN
    ],
    [
      0.30435,
      0.89105,
      0.5502650697035146,
      NaN
    ],
    [
      0.30435,
      0.8909,
      0.4635774592578048,
      0.475
    ]
  ]
}