{
  "dataset": "NF-ToN-IoT-v2",
  "method": "PILoRA",
  "seed": 1,
  "avg_accuracy": 0.7040484448408917,
  "avg_forgetting": 0.07204502694207456,
  "forgetting_peakdef": 0.07204502694207456,
  "acc_matrix": [
    [
      0.9525,
      NaN,
      NaN,
      NaN,
      NaN
    ],
    [
      0.91205,
      0.9424,
      NaN,
      NaN,
      NaN
    ],
    [
      0.90235,
      0.87955,
      0.9113156713066907,
      NaN,
      NaN
    ],
    [
      0.90025,
      0.84705,
      0.8918575063613231,
      0.4356,
      NaN
    ],
    [
      0.896,
      0.7826,
      0.8904355635383925,
      0.3846,
      0.5666066606660666
    ]
  ]
}