{
  "dataset": "NSL-KDD",
  "method": "NCM-Frozen",
  "seed": 0,
  "avg_accuracy": 0.45261357293210186,
  "avg_forgetting": 0.2356368716741656,
  "forgetting_peakdef": 0.2356368716741656,
  "acc_matrix": [
    [
      0.9273775551802458,
      NaN,
      NaN,
      NaN
    ],
    [
      0.8459612136742182,
      0.3750516315572078,
      NaN,
      NaN
    ],
    [
      0.7902859472366199,
      0.3750516315572078,
      0.6925476603119584,
      NaN
    ],
    [
      0.7883641022654475,
      0.3742255266418835,
      0.12547660311958406,
      0.5223880597014925
    ]
  ]
}