{
  "dataset": "NF-ToN-IoT-v2",
  "method": "NCM-Frozen",
  "seed": 2,
  "avg_accuracy": 0.4597873065968474,
  "avg_forgetting": 0.05878583483011526,
  "forgetting_peakdef": 0.05878583483011526,
  "acc_matrix": [
    [
      0.9191,
      NaN,
      NaN,
      NaN,
      NaN
    ],
    [
      0.80425,
      0.84645,
      NaN,
      NaN,
      NaN
    ],
    [
      0.80195,
      0.8283,
      0.50321808112558,
      NaN,
      NaN
    ],
    [
      0.80145,
      0.8255,
      0.41879958090106273,
      0.1474,
      NaN
    ],
    [
      0.78965,
      0.8253,
      0.418724741805119,
      0.14735,
      0.11791179117911792
    ]
  ]
}