{
  "dataset": "NF-ToN-IoT-v2",
  "method": "Replay-DPMeans",
  "seed": 2,
  "avg_accuracy": 0.691478850836588,
  "avg_forgetting": 0.36138282068552613,
  "forgetting_peakdef": 0.36138282068552613,
  "acc_matrix": [
    [
      0.97085,
      NaN,
      NaN,
      NaN,
      NaN
    ],
    [
      0.87385,
      0.98955,
      NaN,
      NaN,
      NaN
    ],
    [
      0.8851,
      0.13385,
      0.9985780571770693,
      NaN,
      NaN
    ],
    [
      0.6176,
      0.4346,
      0.3295913785361473,
      0.96915,
      NaN
    ],
    [
      0.87985,
      0.4589,
      0.6875467744349648,
      0.4563,
      0.9747974797479748
    ]
  ]
}