{
  "dataset": "CIC-IDS-2017",
  "method": "NCM-Frozen",
  "seed": 1,
  "avg_accuracy": 0.331598742241582,
  "avg_forgetting": 0.17873697544024333,
  "forgetting_peakdef": 0.17873697544024333,
  "acc_matrix": [
    [
      0.8784105373844706,
      NaN,
      NaN,
      NaN
    ],
    [
      0.47648458686147543,
      0.417489073734668,
      NaN,
      NaN
    ],
    [
      0.42466102163927166,
      0.41653743127026643,
      0.30288718869053244,
      NaN
    ],
    [
      0.34315125352814213,
      0.41653743127026643,
      0.30288718869053244,
      0.2638190954773869
    ]
  ]
}