{
  "dataset": "NF-ToN-IoT-v2",
  "method": "PILoRA",
  "seed": 3,
  "avg_accuracy": 0.70763303092276,
  "avg_forgetting": 0.04981365626403235,
  "forgetting_peakdef": 0.04981365626403235,
  "acc_matrix": [
    [
      0.95275,
      NaN,
      NaN,
      NaN,
      NaN
    ],
    [
      0.9214,
      0.93915,
      NaN,
      NaN,
      NaN
    ],
    [
      0.91145,
      0.84005,
      0.9209699146834306,
      NaN,
      NaN
    ],
    [
      0.89155,
      0.8357,
      0.9017362670258944,
      0.4259,
      NaN
    ],
    [
      0.88655,
      0.82145,
      0.8998652896273013,
      0.43165,
      0.49864986498649866
    ]
  ]
}