{
  "dataset": "NF-ToN-IoT-v2",
  "method": "iCaRL",
  "seed": 0,
  "avg_accuracy": 0.5977781012519752,
  "avg_forgetting": 0.12017651736267025,
  "forgetting_peakdef": 0.12017651736267025,
  "acc_matrix": [
    [
      0.9235,
      NaN,
      NaN,
      NaN,
      NaN
    ],
    [
      0.8558,
      0.9889,
      NaN,
      NaN,
      NaN
    ],
    [
      0.734,
      0.91135,
      0.7565484208950756,
      NaN,
      NaN
    ],
    [
      0.73545,
      0.8413,
      0.6744499326448137,
      0.3191,
      NaN
    ],
    [
      0.73215,
      0.83295,
      0.6430923514443946,
      0.29915,
      0.4815481548154815
    ]
  ]
}