{
  "dataset": "CIC-IDS-2018",
  "method": "NCM-Frozen",
  "seed": 42,
  "avg_accuracy": 0.6723657961908502,
  "avg_forgetting": 0.21504023823548657,
  "forgetting_peakdef": 0.21504023823548657,
  "acc_matrix": [
    [
      0.99385,
      NaN,
      NaN,
      NaN
    ],
    [
      0.62365,
      0.89105,
      NaN,
      NaN
    ],
    [
      0.39875,
      0.89085,
      0.4739838994698606,
      NaN
    ],
    [
      0.39875,
      0.87755,
      0.43746318476340074,
      0.9757
    ]
  ]
}