{
  "dataset": "NF-ToN-IoT-v2",
  "method": "Replay-DPMeans",
  "seed": 3,
  "avg_accuracy": 0.6745837975997869,
  "avg_forgetting": 0.38109537120191594,
  "forgetting_peakdef": 0.38109537120191594,
  "acc_matrix": [
    [
      0.9697,
      NaN,
      NaN,
      NaN,
      NaN
    ],
    [
      0.51635,
      0.98965,
      NaN,
      NaN,
      NaN
    ],
    [
      0.86225,
      0.1357,
      0.9985032180811256,
      NaN,
      NaN
    ],
    [
      0.87715,
      0.4186,
      0.32592426283490494,
      0.9669,
      NaN
    ],
    [
      0.87135,
      0.4593,
      0.7108217332734621,
      0.3589,
      0.9725472547254725
    ]
  ]
}