{
  "dataset": "UNSW-NB15",
  "method": "NCM-Frozen",
  "seed": 1,
  "avg_accuracy": 0.36026819989652664,
  "avg_forgetting": 0.3093759852383005,
  "forgetting_peakdef": 0.3093759852383005,
  "acc_matrix": [
    [
      0.9876859193499311,
      NaN,
      NaN,
      NaN,
      NaN
    ],
    [
      0.5970181310518874,
      0.6097475863673374,
      NaN,
      NaN,
      NaN
    ],
    [
      0.5890712534230639,
      0.3110387344422473,
      0.6250494396835861,
      NaN,
      NaN
    ],
    [
      0.5884269119936998,
      0.3091194602768408,
      0.383520105471325,
      0.2523809523809524,
      NaN
    ],
    [
      0.5884269119936998,
      0.2590438525066884,
      0.13750823994726433,
      0.2523809523809524,
      0.5639810426540285
    ]
  ]
}