{
  "dataset": "NF-ToN-IoT-v2",
  "method": "Replay-DPMeans",
  "seed": 0,
  "avg_accuracy": 0.6061579336326088,
  "avg_forgetting": 0.46976535698248767,
  "forgetting_peakdef": 0.46976535698248767,
  "acc_matrix": [
    [
      0.9704,
      NaN,
      NaN,
      NaN,
      NaN
    ],
    [
      0.511,
      0.98955,
      NaN,
      NaN,
      NaN
    ],
    [
      0.51055,
      0.13775,
      0.998652896273013,
      NaN,
      NaN
    ],
    [
      0.5116,
      0.419,
      0.3346055979643766,
      0.96925,
      NaN
    ],
    [
      0.5236,
      0.4928,
      0.5969914683430624,
      0.4354,
      0.981998199819982
    ]
  ]
}