{
  "dataset": "NSL-KDD",
  "method": "NCM-Frozen",
  "seed": 1,
  "avg_accuracy": 0.492041240078659,
  "avg_forgetting": 0.16426949202862898,
  "forgetting_peakdef": 0.16426949202862898,
  "acc_matrix": [
    [
      0.9184089453147749,
      NaN,
      NaN,
      NaN
    ],
    [
      0.8701881078562693,
      0.30648492358529533,
      NaN,
      NaN
    ],
    [
      0.7877234872750568,
      0.3027674514663362,
      0.7136915077989602,
      NaN
    ],
    [
      0.7877234872750568,
      0.3027674514663362,
      0.35528596187175043,
      0.5223880597014925
    ]
  ]
}