{
  "dataset": "NF-ToN-IoT-v2",
  "method": "iCaRL",
  "seed": 1,
  "avg_accuracy": 0.5888406838905714,
  "avg_forgetting": 0.14304703637180063,
  "forgetting_peakdef": 0.14304703637180063,
  "acc_matrix": [
    [
      0.9173,
      NaN,
      NaN,
      NaN,
      NaN
    ],
    [
      0.8532,
      0.9889,
      NaN,
      NaN,
      NaN
    ],
    [
      0.73705,
      0.8978,
      0.7797485406376291,
      NaN,
      NaN
    ],
    [
      0.7378,
      0.8334,
      0.7117198024247867,
      0.4002,
      NaN
    ],
    [
      0.7347,
      0.82355,
      0.5765603951504266,
      0.37915,
      0.4302430243024302
    ]
  ]
}