{
  "dataset": "NF-ToN-IoT-v2",
  "method": "NCM-Frozen",
  "seed": 1,
  "avg_accuracy": 0.4904314860956235,
  "avg_forgetting": 0.0864918780871127,
  "forgetting_peakdef": 0.0864918780871127,
  "acc_matrix": [
    [
      0.91645,
      NaN,
      NaN,
      NaN,
      NaN
    ],
    [
      0.8642,
      0.8805,
      NaN,
      NaN,
      NaN
    ],
    [
      0.80255,
      0.84895,
      0.6936087412064063,
      NaN,
      NaN
    ],
    [
      0.80255,
      0.84135,
      0.5505912288579554,
      0.14555,
      NaN
    ],
    [
      0.78825,
      0.80575,
      0.5505912288579554,
      0.14555,
      0.162016201620162
    ]
  ]
}