{
  "dataset": "NSL-KDD",
  "method": "NCM-Frozen",
  "seed": 2,
  "avg_accuracy": 0.4094891266251572,
  "avg_forgetting": 0.19545492731369893,
  "forgetting_peakdef": 0.19545492731369893,
  "acc_matrix": [
    [
      0.9270281288218508,
      NaN,
      NaN,
      NaN
    ],
    [
      0.73402830353503,
      0.3395291201982652,
      NaN,
      NaN
    ],
    [
      0.6688602876943684,
      0.3395291201982652,
      0.4204506065857886,
      NaN
    ],
    [
      0.6682196727039776,
      0.3395291201982652,
      0.09289428076256499,
      0.5373134328358209
    ]
  ]
}