{
  "dataset": "UNSW-NB15",
  "method": "NCM-Frozen",
  "seed": 42,
  "avg_accuracy": 0.3765801222556102,
  "avg_forgetting": 0.3283531514233938,
  "forgetting_peakdef": 0.3283531514233938,
  "acc_matrix": [
    [
      0.985090655259437,
      NaN,
      NaN,
      NaN,
      NaN
    ],
    [
      0.5954609725975909,
      0.6612771897173433,
      NaN,
      NaN,
      NaN
    ],
    [
      0.5801399652771563,
      0.341805280911946,
      0.6220171390903099,
      NaN,
      NaN
    ],
    [
      0.5797462010703227,
      0.3404094451552867,
      0.3922214897824654,
      0.29285714285714287,
      NaN
    ],
    [
      0.5797462010703227,
      0.1960567639874375,
      0.17916941331575478,
      0.29285714285714287,
      0.6350710900473934
    ]
  ]
}