{
  "dataset": "NSL-KDD",
  "method": "NCM-Frozen",
  "seed": 42,
  "avg_accuracy": 0.4043828652058634,
  "avg_forgetting": 0.18441948038826902,
  "forgetting_peakdef": 0.18441948038826902,
  "acc_matrix": [
    [
      0.9297653019626114,
      NaN,
      NaN,
      NaN
    ],
    [
      0.7606429444994467,
      0.34324659231722426,
      NaN,
      NaN
    ],
    [
      0.7310581794886728,
      0.34324659231722426,
      0.37538994800693243,
      NaN
    ],
    [
      0.7290198590647021,
      0.34324659231722426,
      0.022876949740034663,
      0.5223880597014925
    ]
  ]
}