{
  "dataset": "CIC-IDS-2018",
  "method": "NCM-Frozen",
  "seed": 3,
  "avg_accuracy": 0.5628821961515805,
  "avg_forgetting": 0.2223968780679364,
  "forgetting_peakdef": 0.2223968780679364,
  "acc_matrix": [
    [
      0.99965,
      NaN,
      NaN,
      NaN
    ],
    [
      0.63545,
      0.89105,
      NaN,
      NaN
    ],
    [
      0.38155,
      0.89105,
      0.5527194188101315,
      NaN
    ],
    [
      0.38155,
      0.89085,
      0.5038287846063224,
      0.4753
    ]
  ]
}