{
  "dataset": "CIC-IDS-2017",
  "method": "NCM-Frozen",
  "seed": 0,
  "avg_accuracy": 0.3366408286574285,
  "avg_forgetting": 0.17127308281218298,
  "forgetting_peakdef": 0.17127308281218298,
  "acc_matrix": [
    [
      0.8846200675189552,
      NaN,
      NaN,
      NaN
    ],
    [
      0.4837235043444574,
      0.4172423516142676,
      NaN,
      NaN
    ],
    [
      0.45037356798937406,
      0.4172423516142676,
      0.29470104845565315,
      NaN
    ],
    [
      0.3708008190824063,
      0.4172423516142676,
      0.29470104845565315,
      0.2638190954773869
    ]
  ]
}