{
  "dataset": "NF-ToN-IoT-v2",
  "method": "Naive",
  "seed": 0,
  "avg_accuracy": 0.20179950495049503,
  "avg_forgetting": 0.973769353390211,
  "forgetting_peakdef": 0.973769353390211,
  "acc_matrix": [
    [
      0.9704,
      NaN,
      NaN,
      NaN,
      NaN
    ],
    [
      0.0,
      0.98995,
      NaN,
      NaN,
      NaN
    ],
    [
      0.0,
      0.0,
      0.9988774135608441,
      NaN,
      NaN
    ],
    [
      0.0,
      0.0,
      0.0,
      0.9696,
      NaN
    ],
    [
      0.0,
      0.0,
      0.0,
      0.03375,
      0.9752475247524752
    ]
  ]
}