{
  "dataset": "NF-ToN-IoT-v2",
  "method": "Naive",
  "seed": 3,
  "avg_accuracy": 0.20165967596759676,
  "avg_forgetting": 0.9759693533902111,
  "forgetting_peakdef": 0.9759693533902111,
  "acc_matrix": [
    [
      0.9697,
      NaN,
      NaN,
      NaN,
      NaN
    ],
    [
      0.0,
      0.9898,
      NaN,
      NaN,
      NaN
    ],
    [
      0.0,
      0.0,
      0.9988774135608441,
      NaN,
      NaN
    ],
    [
      0.0,
      0.0,
      0.0,
      0.97,
      NaN
    ],
    [
      0.0,
      0.0,
      0.0,
      0.0245,
      0.9837983798379838
    ]
  ]
}