{
  "dataset": "NF-ToN-IoT-v2",
  "method": "Naive",
  "seed": 42,
  "avg_accuracy": 0.2026596489648965,
  "avg_forgetting": 0.9746629827121689,
  "forgetting_peakdef": 0.9746629827121689,
  "acc_matrix": [
    [
      0.9711,
      NaN,
      NaN,
      NaN,
      NaN
    ],
    [
      0.0,
      0.9895,
      NaN,
      NaN,
      NaN
    ],
    [
      0.0,
      0.0,
      0.9991019308486754,
      NaN,
      NaN
    ],
    [
      0.0,
      0.0,
      0.0,
      0.9698,
      NaN
    ],
    [
      0.0,
      0.0,
      0.0,
      0.03085,
      0.9824482448244825
    ]
  ]
}