{
  "dataset": "NF-ToN-IoT-v2",
  "method": "NCM-Frozen",
  "seed": 0,
  "avg_accuracy": 0.4965504268199609,
  "avg_forgetting": 0.0839938538392456,
  "forgetting_peakdef": 0.0839938538392456,
  "acc_matrix": [
    [
      0.9304,
      NaN,
      NaN,
      NaN,
      NaN
    ],
    [
      0.87195,
      0.84905,
      NaN,
      NaN,
      NaN
    ],
    [
      0.81245,
      0.83795,
      0.7145636880706481,
      NaN,
      NaN
    ],
    [
      0.81095,
      0.82485,
      0.540487950905553,
      0.1861,
      NaN
    ],
    [
      0.7929,
      0.8248,
      0.5403382727136656,
      0.1861,
      0.13861386138613863
    ]
  ]
}