{
  "dataset": "NF-ToN-IoT-v2",
  "method": "Replay",
  "seed": 42,
  "avg_accuracy": 0.697161820835878,
  "avg_forgetting": 0.3564046437659033,
  "forgetting_peakdef": 0.3564046437659033,
  "acc_matrix": [
    [
      0.9711,
      NaN,
      NaN,
      NaN,
      NaN
    ],
    [
      0.85545,
      0.98975,
      NaN,
      NaN,
      NaN
    ],
    [
      0.8741,
      0.1294,
      0.9979793444095195,
      NaN,
      NaN
    ],
    [
      0.86775,
      0.41485,
      0.3404430474479868,
      0.96925,
      NaN
    ],
    [
      0.8604,
      0.51635,
      0.7740607693459063,
      0.35165,
      0.9833483348334834
    ]
  ]
}