{
  "dataset": "NSL-KDD",
  "method": "NCM-Frozen",
  "seed": 3,
  "avg_accuracy": 0.45940455367409955,
  "avg_forgetting": 0.1609038936903013,
  "forgetting_peakdef": 0.1609038936903013,
  "acc_matrix": [
    [
      0.8934249606895347,
      NaN,
      NaN,
      NaN
    ],
    [
      0.8418263350998777,
      0.41924824452705495,
      NaN,
      NaN
    ],
    [
      0.7892376681614349,
      0.41305245766212306,
      0.4852686308492201,
      NaN
    ],
    [
      0.7891794304350358,
      0.41305245766212306,
      0.11299826689774697,
      0.5223880597014925
    ]
  ]
}