{
  "dataset": "NSL-KDD",
  "seed": 42,
  "class_order": [
    "Normal",
    "DoS",
    "Probe",
    "R2L",
    "U2R"
  ],
  "tasks": [
    [
      "Normal",
      "DoS"
    ],
    [
      "Probe"
    ],
    [
      "R2L"
    ],
    [
      "U2R"
    ]
  ],
  "results": {
    "Joint (upper bound)": {
      "acc_matrix": [
        [
          NaN,
          NaN,
          NaN,
          NaN
        ],
        [
          NaN,
          NaN,
          NaN,
          NaN
        ],
        [
          NaN,
          NaN,
          NaN,
          NaN
        ],
        [
          0.9178848057771825,
          0.6951672862453532,
          0.08249566724436742,
          0.26865671641791045
        ]
      ],
      "avg_accuracy": 0.49105111892120334,
      "avg_forgetting": 0.0,
      "per_class_accuracy": [
        0.9720935022139842,
        0.8473190348525469,
        0.6951672862453532,
        0.08249566724436742,
        0.26865671641791045
      ],
      "time_sec": 71.35978388786316
    },
    "Naive (lower bound)": {
      "acc_matrix": [
        [
          0.930347679226603,
          NaN,
          NaN,
          NaN
        ],
        [
          0.0,
          1.0,
          NaN,
          NaN
        ],
        [
          0.007803855337487625,
          1.0,
          0.0,
          NaN
        ],
        [
          0.008444470327878399,
          1.0,
          0.0,
          0.0
        ]
      ],
      "avg_accuracy": 0.2521111175819696,
      "avg_forgetting": 0.3073010696329082,
      "per_class_accuracy": [
        0.01163628874472248,
        0.004289544235924933,
        1.0,
        0.0,
        0.0
      ],
      "time_sec": 14.483462810516357
    },
    "EWC": {
      "acc_matrix": [
        [
          0.930347679226603,
          NaN,
          NaN,
          NaN
        ],
        [
          0.0,
          1.0,
          NaN,
          NaN
        ],
        [
          0.03995108030982471,
          1.0,
          0.0,
          NaN
        ],
        [
          0.09783938035059112,
          1.0,
          0.0,
          0.0
        ]
      ],
      "avg_accuracy": 0.27445984508764776,
      "avg_forgetting": 0.27750276629200393,
      "per_class_accuracy": [
        0.0006178560395427865,
        0.22439678284182304,
        1.0,
        0.0,
        0.0
      ],
      "time_sec": 16.162293434143066
    },
    "LwF": {
      "acc_matrix": [
        [
          0.930347679226603,
          NaN,
          NaN,
          NaN
        ],
        [
          0.0,
          1.0,
          NaN,
          NaN
        ],
        [
          0.006114961271911945,
          1.0,
          0.0,
          NaN
        ],
        [
          0.01729660474055093,
          1.0,
          0.0,
          0.0
        ]
      ],
      "avg_accuracy": 0.25432415118513774,
      "avg_forgetting": 0.30435035816201733,
      "per_class_accuracy": [
        0.0,
        0.039812332439678286,
        1.0,
        0.0,
        0.0
      ],
      "time_sec": 14.943005084991455
    },
    "Replay": {
      "acc_matrix": [
        [
          0.930347679226603,
          NaN,
          NaN,
          NaN
        ],
        [
          0.6587269233009143,
          0.9351507641470467,
          NaN,
          NaN
        ],
        [
          0.8044377147516161,
          0.714580751755473,
          0.9303292894280762,
          NaN
        ],
        [
          0.8742647487042106,
          0.7538207352333747,
          0.4908145580589255,
          0.1044776119402985
        ]
      ],
      "avg_accuracy": 0.5558444134842023,
      "avg_forgetting": 0.2256425636017384,
      "per_class_accuracy": [
        0.8994954175677067,
        0.8414209115281501,
        0.7538207352333747,
        0.4908145580589255,
        0.1044776119402985
      ],
      "time_sec": 13.205545663833618
    },
    "Replay-Herding": {
      "acc_matrix": [
        [
          0.930347679226603,
          NaN,
          NaN,
          NaN
        ],
        [
          0.6612893832624774,
          0.9103676166873192,
          NaN,
          NaN
        ],
        [
          0.8008852134412673,
          0.7406030565881867,
          0.9199306759098786,
          NaN
        ],
        [
          0.7964009085085318,
          0.8211482858323007,
          0.4904679376083189,
          0.0
        ]
      ],
      "avg_accuracy": 0.5270042829872879,
      "avg_forgetting": 0.21754294662488313,
      "per_class_accuracy": [
        0.8486252703120173,
        0.7284182305630027,
        0.8211482858323007,
        0.4904679376083189,
        0.0
      ],
      "time_sec": 39.61240220069885
    },
    "Replay-DPMeans": {
      "acc_matrix": [
        [
          0.930347679226603,
          NaN,
          NaN,
          NaN
        ],
        [
          0.6848756624541378,
          0.9289549772821148,
          NaN,
          NaN
        ],
        [
          0.8049036165628094,
          0.6836018174308137,
          0.6596187175043328,
          NaN
        ],
        [
          0.8768854463921728,
          0.7472118959107806,
          0.41421143847487,
          0.0
        ]
      ],
      "avg_accuracy": 0.5095771951944559,
      "avg_forgetting": 0.16020419774507572,
      "per_class_accuracy": [
        0.920399546905571,
        0.8202412868632708,
        0.7472118959107806,
        0.41421143847487,
        0.0
      ],
      "time_sec": 17.993935346603394
    },
    "iCaRL": {
      "acc_matrix": [
        [
          0.9297653019626114,
          NaN,
          NaN,
          NaN
        ],
        [
          0.860345932094811,
          0.7129285419248245,
          NaN,
          NaN
        ],
        [
          0.8250538698969192,
          0.8124741842213962,
          0.4610051993067591,
          NaN
        ],
        [
          0.7975074253101159,
          0.79182156133829,
          0.1487001733102253,
          0.5522388059701493
        ]
      ],
      "avg_accuracy": 0.5725669914821951,
      "avg_forgetting": 0.15507184184404518,
      "per_class_accuracy": [
        0.8559365667799402,
        0.6966487935656837,
        0.8269310202395704,
        0.48353552859618715,
        0.0
      ],
      "time_sec": 35.00605344772339
    }
  }
}