{
  "dataset": "NSL-KDD",
  "class_order": [
    "Normal",
    "DoS",
    "Probe",
    "R2L",
    "U2R"
  ],
  "tasks": [
    [
      "Normal",
      "DoS"
    ],
    [
      "Probe"
    ],
    [
      "R2L"
    ],
    [
      "U2R"
    ]
  ],
  "seeds": [
    42,
    0,
    1,
    2,
    3
  ],
  "results": {
    "Joint (upper bound)": {
      "acc_matrix": [
        [
          NaN,
          NaN,
          NaN,
          NaN
        ],
        [
          NaN,
          NaN,
          NaN,
          NaN
        ],
        [
          NaN,
          NaN,
          NaN,
          NaN
        ],
        [
          0.9125269349484595,
          0.7050805452292442,
          0.10350086655112652,
          0.3283582089552239
        ]
      ],
      "acc_matrix_std": [
        [
          NaN,
          NaN,
          NaN,
          NaN
        ],
        [
          NaN,
          NaN,
          NaN,
          NaN
        ],
        [
          NaN,
          NaN,
          NaN,
          NaN
        ],
        [
          0.005701470440129498,
          0.0107488916525893,
          0.010729792673245532,
          0.055845632638417034
        ]
      ],
      "avg_accuracy": 0.5123666389210134,
      "avg_accuracy_std": 0.018678656736671732,
      "avg_forgetting": 0.0,
      "avg_forgetting_std": 0.0,
      "per_class_accuracy": [
        0.9669447018844609,
        0.8416890080428955,
        0.7050805452292442,
        0.10350086655112652,
        0.3283582089552239
      ],
      "per_class_accuracy_std": [
        0.0082037695537595,
        0.010081284545288546,
        0.0107488916525893,
        0.010729792673245532,
        0.055845632638417034
      ],
      "time_sec": 61.83993396759033,
      "per_seed": {
        "avg_accuracy": [
          0.49105111892120334,
          0.5112357367371603,
          0.54605888485523,
          0.50001955264235,
          0.5134679014491239
        ],
        "avg_forgetting": [
          0.0,
          0.0,
          0.0,
          0.0,
          0.0
        ]
      }
    },
    "Naive (lower bound)": {
      "acc_matrix": [
        [
          0.9271213091840895,
          NaN,
          NaN,
          NaN
        ],
        [
          0.0018053695183740028,
          1.0,
          NaN,
          NaN
        ],
        [
          0.044132549065284486,
          0.9985956216439487,
          0.0,
          NaN
        ],
        [
          0.03281113505328752,
          0.9975216852540273,
          0.0,
          0.0
        ]
      ],
      "acc_matrix_std": [
        [
          0.007554993292851525,
          NaN,
          NaN,
          NaN
        ],
        [
          0.003610739036748006,
          0.0,
          NaN,
          NaN
        ],
        [
          0.05174871322472383,
          0.0026071431372258424,
          0.0,
          NaN
        ],
        [
          0.01787314210218944,
          0.003102021207024965,
          0.0,
          0.0
        ]
      ],
      "avg_accuracy": 0.25758320507682864,
      "avg_accuracy_std": 0.003800885500384384,
      "avg_forgetting": 0.2989294962922583,
      "avg_forgetting_std": 0.005142991567698865,
      "per_class_accuracy": [
        0.030110184327051797,
        0.03632707774798928,
        0.9975216852540273,
        0.0,
        0.0
      ],
      "per_class_accuracy_std": [
        0.02435861249280952,
        0.016240542477876346,
        0.003102021207024965,
        0.0,
        0.0
      ],
      "time_sec": 13.59140157699585,
      "per_seed": {
        "avg_accuracy": [
          0.2521111175819696,
          0.2636893897958795,
          0.25777582497371787,
          0.25869063357185784,
          0.25564905946071864
        ],
        "avg_forgetting": [
          0.3073010696329082,
          0.29188278592316136,
          0.30128171990575514,
          0.2974218648448065,
          0.29676004115466
        ]
      }
    },
    "EWC": {
      "acc_matrix": [
        [
          0.9271213091840895,
          NaN,
          NaN,
          NaN
        ],
        [
          0.0042513540271387805,
          1.0,
          NaN,
          NaN
        ],
        [
          0.06865063187933143,
          0.9948781495249897,
          0.0,
          NaN
        ],
        [
          0.09542833847766584,
          0.9944650970673277,
          0.0,
          0.0
        ]
      ],
      "acc_matrix_std": [
        [
          0.007554993292851525,
          NaN,
          NaN,
          NaN
        ],
        [
          0.005834943569567721,
          0.0,
          NaN,
          NaN
        ],
        [
          0.05068009307565231,
          0.007537952726655365,
          0.0,
          NaN
        ],
        [
          0.040835546254892954,
          0.008479555502920335,
          0.0,
          0.0
        ]
      ],
      "avg_accuracy": 0.27247335888624835,
      "avg_accuracy_std": 0.008918824665642575,
      "avg_forgetting": 0.2790759578796987,
      "avg_forgetting_std": 0.012311096352953618,
      "per_class_accuracy": [
        0.028503758624240556,
        0.18254691689008043,
        0.9944650970673277,
        0.0,
        0.0
      ],
      "per_class_accuracy_std": [
        0.030563542440104455,
        0.10039512533761805,
        0.008479555502920335,
        0.0,
        0.0
      ],
      "time_sec": 13.43426809310913,
      "per_seed": {
        "avg_accuracy": [
          0.27445984508764776,
          0.26848617825829557,
          0.2827455628854265,
          0.2574253101158931,
          0.2792498980839788
        ],
        "avg_forgetting": [
          0.27750276629200393,
          0.28548706797327333,
          0.2679887360234769,
          0.29910896278609284,
          0.26529225632364645
        ]
      }
    },
    "LwF": {
      "acc_matrix": [
        [
          0.9271213091840895,
          NaN,
          NaN,
          NaN
        ],
        [
          0.0,
          1.0,
          NaN,
          NaN
        ],
        [
          0.024634558266845262,
          1.0,
          0.0,
          NaN
        ],
        [
          0.04173315473763905,
          0.9976869062370921,
          0.0,
          0.0
        ]
      ],
      "acc_matrix_std": [
        [
          0.007554993292851525,
          NaN,
          NaN,
          NaN
        ],
        [
          0.0,
          0.0,
          NaN,
          NaN
        ],
        [
          0.024239210570414716,
          0.0,
          0.0,
          NaN
        ],
        [
          0.028480060785853925,
          0.004626187525815784,
          0.0,
          0.0
        ]
      ],
      "avg_accuracy": 0.25985501524368276,
      "avg_accuracy_std": 0.006385706950592892,
      "avg_forgetting": 0.2959004160697861,
      "avg_forgetting_std": 0.007402235578786213,
      "per_class_accuracy": [
        0.0004530944289980435,
        0.09546916890080429,
        0.9976869062370921,
        0.0,
        0.0
      ],
      "per_class_accuracy_std": [
        0.0006130316575486445,
        0.06522570571427015,
        0.004626187525815784,
        0.0,
        0.0
      ],
      "time_sec": 14.172872161865234,
      "per_seed": {
        "avg_accuracy": [
          0.25432415118513774,
          0.26805369518374,
          0.2672734455620748,
          0.254513423795935,
          0.2551103604915264
        ],
        "avg_forgetting": [
          0.30435035816201733,
          0.28606371207268066,
          0.2886182257879459,
          0.30299147787937025,
          0.2974783064469163
        ]
      }
    },