{
  "CIC-IDS-2017": {
    "method": "PILoRA-IDS-v0.5",
    "seeds": [
      42,
      0,
      1,
      2,
      3
    ],
    "per_seed_acc": [
      0.7410700918380708,
      0.7347806813173903,
      0.8823546917456208,
      0.7480049745224588,
      0.7353910387884366
    ],
    "per_seed_forget": [
      0.024104824679762493,
      0.02396966521302975,
      0.025077218967762754,
      0.013464458364928933,
      0.010430648593717376
    ],
    "per_seed_time": [
      1270.5489835739136,
      1376.1855289936066,
      1109.0644311904907,
      1237.862070798874,
      1101.762081861496
    ],
    "mean_acc": 0.7683202956423955,
    "std_acc": 0.06396946744391957,
    "mean_forget": 0.019409363163840263,
    "std_forget": 0.006908826084098194,
    "config": {
      "datasets": "CIC-IDS-2017",
      "seeds": "42,0,1,2,3",
      "pretrain_epochs": 8,
      "epochs_per_task": 10,
      "exemplar_capacity": 50,
      "lora_rank": 8,
      "encoder_type": "mlp",
      "loss_fn": "focal",
      "out_suffix": "v05_cic2017"
    }
  }
}
