{
  "CIC-IDS-2018": {
    "method": "PILoRA-IDS-v0.5",
    "seeds": [
      42,
      0,
      1,
      2,
      3
    ],
    "per_seed_acc": [
      0.7056281464755547,
      0.7043538091498134,
      0.6916774347143138,
      0.696424494404084,
      0.7230754147849989
    ],
    "per_seed_forget": [
      0.04266634596505009,
      0.14207823155965704,
      0.0978818836311277,
      0.05104489822632372,
      0.11741240591661761
    ],
    "per_seed_time": [
      358.00578022003174,
      387.6031038761139,
      362.14072918891907,
      372.3469979763031,
      368.5750081539154
    ],
    "mean_acc": 0.7042318599057531,
    "std_acc": 0.011995963865550605,
    "mean_forget": 0.09021675305975524,
    "std_forget": 0.04267155416418105,
    "config": {
      "datasets": "CIC-IDS-2018,CIC-IDS-2017",
      "seeds": "42,0,1,2,3",
      "pretrain_epochs": 8,
      "epochs_per_task": 10,
      "exemplar_capacity": 50,
      "lora_rank": 8,
      "encoder_type": "mlp",
      "loss_fn": "focal",
      "n_layers": 2,
      "d_model": 128,
      "out_suffix": "v05_cic_5seed"
    }
  }
}
