{
  "NSL-KDD": {
    "method": "PILoRA-IDS-v0.5",
    "seeds": [
      42,
      0,
      1,
      2,
      3
    ],
    "per_seed_acc": [
      0.4569755544289138,
      0.4652469178346344,
      0.4594224579760629,
      0.4173962013930902,
      0.4483572035085016
    ],
    "per_seed_forget": [
      0.015009082207708921,
      0.013872955923115346,
      0.029817326571744695,
      0.030402366118062314,
      0.004698992494470626
    ],
    "per_seed_time": [
      188.5047664642334,
      181.41146969795227,
      210.19751024246216,
      188.80076718330383,
      194.74005961418152
    ],
    "mean_acc": 0.44947966702824055,
    "std_acc": 0.018935827875105015,
    "mean_forget": 0.01876014466302038,
    "std_forget": 0.011107133696425376,
    "config": {
      "datasets": "NSL-KDD,UNSW-NB15",
      "seeds": "42,0,1,2,3",
      "pretrain_epochs": 8,
      "epochs_per_task": 10,
      "exemplar_capacity": 50,
      "lora_rank": 8,
      "encoder_type": "mlp",
      "loss_fn": "focal",
      "out_suffix": "v05_smallds"
    }
  },
  "UNSW-NB15": {
    "method": "PILoRA-IDS-v0.5",
    "seeds": [
      42,
      0,
      1,
      2,
      3
    ],
    "per_seed_acc": [
      0.40526954551977135,
      0.4277390154541852,
      0.4078991498487639,
      0.40287193446310565,
      0.4251315236506355
    ],
    "per_seed_forget": [
      0.08157849594289467,
      0.09541952884693512,
      0.10061269376631056,
      0.10907022395015617,
      0.11265007204360489
    ],
    "per_seed_time": [
      280.7345654964447,
      272.6663589477539,
      278.96783208847046,
      247.36673855781555,
      248.28515148162842
    ],
    "mean_acc": 0.41378223378729234,
    "std_acc": 0.01172294016459405,
    "mean_forget": 0.09986620290998027,
    "std_forget": 0.012277130143779279,
    "config": {
      "datasets": "NSL-KDD,UNSW-NB15",
      "seeds": "42,0,1,2,3",
      "pretrain_epochs": 8,
      "epochs_per_task": 10,
      "exemplar_capacity": 50,
      "lora_rank": 8,
      "encoder_type": "mlp",
      "loss_fn": "focal",
      "out_suffix": "v05_smallds"
    }
  }
}
