{
  "config": {
    "dataset": "CIC-IDS-2017",
    "seed": 1,
    "tasks": [
      [
        0,
        1
      ],
      [
        2,
        3
      ],
      [
        4,
        5
      ],
      [
        6,
        7
      ]
    ],
    "n_explain": 200,
    "n_background": 100,
    "shap_nsamples": 200,
    "top_k": 15,
    "smoke": false,
    "attribution": "shap.GradientExplainer mean|SHAP|",
    "background": "fixed Task-0 train sample",
    "pilora_note": "explains head-path only; router excluded (P7)"
  },
  "methods": {
    "Naive": {
      "transitions": [
        {
          "from": 0,
          "to": 1,
          "per_class": {
            "0": {
              "cosine": 0.9616907960977231,
              "kendall_tau": 0.7425944841675178,
              "top15_jaccard": 0.5,
              "acc_change": -0.8442
            },
            "1": {
              "cosine": 0.8889994196515336,
              "kendall_tau": 0.727613210759278,
              "top15_jaccard": 0.30434782608695654,
              "acc_change": -0.9913
            }
          }
        },
        {
          "from": 1,
          "to": 2,
          "per_class": {
            "0": {
              "cosine": 0.6916484698059872,
              "kendall_tau": 0.7650663942798773,
              "top15_jaccard": 0.42857142857142855,
              "acc_change": -0.1164
            },
            "1": {
              "cosine": 0.7991904208642224,
              "kendall_tau": 0.8406537282941776,
              "top15_jaccard": 0.7647058823529411,
              "acc_change": -0.0083
            },
            "2": {
              "cosine": 0.5462121180563354,
              "kendall_tau": 0.647940074906367,
              "top15_jaccard": 0.15384615384615385,
              "acc_change": -0.8253
            },
            "3": {
              "cosine": 0.8162024456481666,
              "kendall_tau": 0.7221654749744637,
              "top15_jaccard": 0.25,
              "acc_change": -0.9993
            }
          }
        },
        {
          "from": 2,
          "to": 3,
          "per_class": {
            "0": {
              "cosine": 0.915935168481252,
              "kendall_tau": 0.8161389172625126,
              "top15_jaccard": 0.5789473684210527,
              "acc_change": 0.0615
            },
            "1": {
              "cosine": 0.9778775718355737,
              "kendall_tau": 0.8760640108954715,
              "top15_jaccard": 0.7647058823529411,
              "acc_change": 0.0155
            },
            "2": {
              "cosine": 0.8807040227150008,
              "kendall_tau": 0.8106911814776983,
              "top15_jaccard": 0.5789473684210527,
              "acc_change": 0.2358
            },
            "3": {
              "cosine": 0.9551125005202349,
              "kendall_tau": 0.8869594824651004,
              "top15_jaccard": 0.5789473684210527,
              "acc_change": 0.0
            },
            "4": {
              "cosine": 0.8798214548079305,
              "kendall_tau": 0.8066053796390875,
              "top15_jaccard": 0.5,
              "acc_change": -0.0
            }
          }
        }
      ],
      "per_class_acc": {
        "0": {
          "0": 0.9869,
          "1": 0.9996
        },
        "1": {
          "0": 0.1427,
          "1": 0.0083,
          "2": 1.0,
          "3": 0.9993
        },
        "2": {
          "0": 0.0263,
          "1": 0.0,
          "2": 0.1747,
          "3": 0.0,
          "4": 1.0
        },
        "3": {
          "0": 0.0878,
          "1": 0.0155,
          "2": 0.4105,
          "3": 0.0,
          "4": 1.0,
          "6": 0.0,
          "7": 0.0
        }
      }
    },
    "Replay": {
      "transitions": [
        {
          "from": 0,
          "to": 1,
          "per_class": {
            "0": {
              "cosine": 0.9821189326403332,
              "kendall_tau": 0.8229485869935307,
              "top15_jaccard": 0.5,
              "acc_change": -0.1756
            },
            "1": {
              "cosine": 0.9724449440236328,
              "kendall_tau": 0.8338440585631596,
              "top15_jaccard": 0.6666666666666666,
              "acc_change": -0.0331
            }
          }
        },
        {
          "from": 1,
          "to": 2,
          "per_class": {
            "0": {
              "cosine": 0.8009362651631151,
              "kendall_tau": 0.8352059925093632,
              "top15_jaccard": 0.875,
              "acc_change": 0.009
            },
            "1": {
              "cosine": 0.9118629091474421,
              "kendall_tau": 0.7950289410963568,
              "top15_jaccard": 0.6666666666666666,
              "acc_change": -0.0736
            },
            "2": {
              "cosine": 0.8950076156660364,
              "kendall_tau": 0.8270343888321414,
              "top15_jaccard": 0.6666666666666666,
              "acc_change": -0.0036
            },
            "3": {
              "cosine": 0.8954751483824106,
              "kendall_tau": 0.7834525025536261,
              "top15_jaccard": 0.5789473684210527,
              "acc_change": -0.0072
            }
          }
        },
        {
          "from": 2,
          "to": 3,
          "per_class": {
            "0": {
              "cosine": 0.9728350762950178,
              "kendall_tau": 0.8583588695948245,
              "top15_jaccard": 0.7647058823529411,
              "acc_change": -0.0657
            },
            "1": {
              "cosine": 0.9477489892080609,
              "kendall_tau": 0.8372488934286686,
              "top15_jaccard": 0.30434782608695654,
              "acc_change": 0.0806
            },
            "2": {
              "cosine": 0.9205628180612966,
              "kendall_tau": 0.8338440585631596,
              "top15_jaccard": 0.5789473684210527,
              "acc_change": 0.002
            },
            "3": {
              "cosine": 0.9424033869446752,
              "kendall_tau": 0.8202247191011236,
              "top15_jaccard": 0.5789473684210527,
              "acc_change": 0.0058
            },
            "4": {
              "cosine": 0.9264216111456688,
              "kendall_tau": 0.7991147429349675,
              "top15_jaccard": 0.5,
              "acc_change": -0.251
            }
          }
        }
      ],
      "per_class_acc": {
        "0": {
          "0": 0.9869,
          "1": 0.9996
        },
        "1": {
          "0": 0.8114,
          "1": 0.9665,
          "2": 1.0,
          "3": 0.9993
        },
        "2": {
          "0": 0.8204,
          "1": 0.8929,
          "2": 0.9964,
          "3": 0.992,
          "4": 1.0
        },
        "3": {
          "0": 0.7547,
          "1": 0.9735,
          "2": 0.9984,
          "3": 0.9978,
          "4": 0.749,
          "6": 0.9847,
          "7": 0.0
        }
      }
    },
    "Replay-DPMeans": {
      "transitions": [
        {
          "from": 0,
          "to": 1,
          "per_class": {
            "0": {
              "cosine": 0.9779476393717358,
              "kendall_tau": 0.8052434456928838,
              "top15_jaccard": 0.5,
              "acc_change": -0.2148
            },
            "1": {
              "cosine": 0.9762599860718632,
              "kendall_tau": 0.8379298604017704,
              "top15_jaccard": 0.875,
              "acc_change": -0.09
            }
          }
        },
        {
          "from": 1,
          "to": 2,
          "per_class": {
            "0": {
              "cosine": 0.8530494858267486,
              "kendall_tau": 0.835886959482465,
              "top15_jaccard": 0.6666666666666666,
              "acc_change": -0.0224
            },
            "1": {
              "cosine": 0.861590936417071,
              "kendall_tau": 0.8120531154239018,
              "top15_jaccard": 0.6666666666666666,
              "acc_change": -0.0202
            },
            "2": {
              "cosine": 0.8998676902365754,