{
  "config": {
    "dataset": "NSL-KDD",
    "seed": 2,
    "tasks": [
      [
        0,
        1
      ],
      [
        2
      ],
      [
        3
      ],
      [
        4
      ]
    ],
    "n_explain": 200,
    "n_background": 100,
    "shap_nsamples": 200,
    "top_k": 15,
    "smoke": false,
    "attribution": "shap.GradientExplainer mean|SHAP|",
    "background": "fixed Task-0 train sample",
    "pilora_note": "explains head-path only; router excluded (P7)"
  },
  "methods": {
    "Naive": {
      "transitions": [
        {
          "from": 0,
          "to": 1,
          "per_class": {
            "0": {
              "cosine": 0.8314702191241764,
              "kendall_tau": 0.8098765432098766,
              "top15_jaccard": 0.5789473684210527,
              "acc_change": -0.9898
            },
            "1": {
              "cosine": 0.718090742754836,
              "kendall_tau": 0.7977770916949676,
              "top15_jaccard": 0.36363636363636365,
              "acc_change": -0.8453
            }
          }
        },
        {
          "from": 1,
          "to": 2,
          "per_class": {
            "0": {
              "cosine": 0.971144151901021,
              "kendall_tau": 0.9114638447971782,
              "top15_jaccard": 0.7647058823529411,
              "acc_change": 0.01
            },
            "1": {
              "cosine": 0.9572272352225916,
              "kendall_tau": 0.8601420191417104,
              "top15_jaccard": 0.6666666666666666,
              "acc_change": 0.0391
            },
            "2": {
              "cosine": 0.8529248312167288,
              "kendall_tau": 0.860736298517408,
              "top15_jaccard": 0.36363636363636365,
              "acc_change": -0.0004
            }
          }
        },
        {
          "from": 2,
          "to": 3,
          "per_class": {
            "0": {
              "cosine": 0.9977832235483596,
              "kendall_tau": 0.9858906525573193,
              "top15_jaccard": 0.875,
              "acc_change": 0.0205
            },
            "1": {
              "cosine": 0.9914351201962449,
              "kendall_tau": 0.9481321395492435,
              "top15_jaccard": 0.875,
              "acc_change": 0.0021
            },
            "2": {
              "cosine": 0.9523364892806869,
              "kendall_tau": 0.9130434782608695,
              "top15_jaccard": 0.6666666666666666,
              "acc_change": 0.0
            },
            "3": {
              "cosine": 0.9941973009557884,
              "kendall_tau": 0.9492063492063493,
              "top15_jaccard": 0.875,
              "acc_change": 0.0
            }
          }
        }
      ],
      "per_class_acc": {
        "0": {
          "0": 0.9898,
          "1": 0.8453
        },
        "1": {
          "0": 0.0,
          "1": 0.0,
          "2": 1.0
        },
        "2": {
          "0": 0.01,
          "1": 0.0391,
          "2": 0.9996,
          "3": 0.0
        },
        "3": {
          "0": 0.0305,
          "1": 0.0413,
          "2": 0.9996,
          "3": 0.0,
          "4": 0.0
        }
      }
    },
    "Replay": {
      "transitions": [
        {
          "from": 0,
          "to": 1,
          "per_class": {
            "0": {
              "cosine": 0.859781643647312,
              "kendall_tau": 0.8596119929453263,
              "top15_jaccard": 0.5,
              "acc_change": -0.1178
            },
            "1": {
              "cosine": 0.8866930847665191,
              "kendall_tau": 0.8453226304414941,
              "top15_jaccard": 0.6666666666666666,
              "acc_change": -0.4357
            }
          }
        },
        {
          "from": 1,
          "to": 2,
          "per_class": {
            "0": {
              "cosine": 0.9782641751304345,
              "kendall_tau": 0.9047619047619048,
              "top15_jaccard": 1.0,
              "acc_change": -0.0171
            },
            "1": {
              "cosine": 0.9578543046979028,
              "kendall_tau": 0.8743439333127508,
              "top15_jaccard": 0.6666666666666666,
              "acc_change": 0.4151
            },
            "2": {
              "cosine": 0.8605662395816251,
              "kendall_tau": 0.8793936365150757,
              "top15_jaccard": 0.36363636363636365,
              "acc_change": -0.3466
            }
          }
        },
        {
          "from": 2,
          "to": 3,
          "per_class": {
            "0": {
              "cosine": 0.983920392063677,
              "kendall_tau": 0.9463844797178131,
              "top15_jaccard": 0.875,
              "acc_change": 0.0411
            },
            "1": {
              "cosine": 0.9869295622442339,
              "kendall_tau": 0.9255943192343314,
              "top15_jaccard": 0.7647058823529411,
              "acc_change": -0.0097
            },
            "2": {
              "cosine": 0.9902755755983607,
              "kendall_tau": 0.9443611527569548,
              "top15_jaccard": 0.875,
              "acc_change": 0.031
            },
            "3": {
              "cosine": 0.9806069103732794,
              "kendall_tau": 0.9403880070546737,
              "top15_jaccard": 0.875,
              "acc_change": -0.0208
            }
          }
        }
      ],
      "per_class_acc": {
        "0": {
          "0": 0.9898,
          "1": 0.8453
        },
        "1": {
          "0": 0.872,
          "1": 0.4097,
          "2": 0.9372
        },
        "2": {
          "0": 0.8549,
          "1": 0.8248,
          "2": 0.5907,
          "3": 0.5061
        },
        "3": {
          "0": 0.896,
          "1": 0.8151,
          "2": 0.6216,
          "3": 0.4853,
          "4": 0.0
        }
      }
    },
    "Replay-DPMeans": {
      "transitions": [
        {
          "from": 0,
          "to": 1,
          "per_class": {
            "0": {
              "cosine": 0.8693721811136143,
              "kendall_tau": 0.8754850088183422,
              "top15_jaccard": 0.5,
              "acc_change": -0.1145
            },
            "1": {
              "cosine": 0.90799915244201,
              "kendall_tau": 0.8629206545230008,
              "top15_jaccard": 0.5789473684210527,
              "acc_change": -0.4056
            }
          }
        },
        {
          "from": 1,
          "to": 2,
          "per_class": {
            "0": {
              "cosine": 0.9764437614646735,
              "kendall_tau": 0.9033509700176368,
              "top15_jaccard": 0.7647058823529411,
              "acc_change": -0.034
            },
            "1": {
              "cosine": 0.9565572750101383,
              "kendall_tau": 0.8913244828650816,
              "top15_jaccard": 0.6666666666666666,
              "acc_change": 0.3228
            },
            "2": {
              "cosine": 0.88586094497576,
              "kendall_tau": 0.8703981342662002,
              "top15_jaccard": 0.42857142857142855,
              "acc_change": -0.1727
            }
          }
        },
        {
          "from": 2,
          "to": 3,
          "per_class": {
            "0": {
              "cosine": 0.9778064925825807,
              "kendall_tau": 0.9410934744268079,
              "top15_jaccard": 0.6666666666666666,
              "acc_change": 0.0636
            },
            "1": {
              "cosine": 0.9899284439930726,
              "kendall_tau": 0.9206545230009261,
              "top15_jaccard": 0.875,
              "acc_change": 0.0052
            },
            "2": {
              "cosine": 0.9876575034858888,
              "kendall_tau": 0.9356988172580376,
              "top15_jaccard": 0.7647058823529411,
              "acc_change": 0.0719
            },
            "3": {
              "cosine": 0.9754770332016106,
              "kendall_tau": 0.9474426807760141,
              "top15_jaccard": 0.6666666666666666,