{
  "config": {
    "dataset": "NSL-KDD",
    "seed": 1,
    "tasks": [
      [
        0,
        1
      ],
      [
        2
      ],
      [
        3
      ],
      [
        4
      ]
    ],
    "n_explain": 200,
    "n_background": 100,
    "shap_nsamples": 200,
    "top_k": 15,
    "smoke": false,
    "attribution": "shap.GradientExplainer mean|SHAP|",
    "background": "fixed Task-0 train sample",
    "pilora_note": "explains head-path only; router excluded (P7)"
  },
  "methods": {
    "Naive": {
      "transitions": [
        {
          "from": 0,
          "to": 1,
          "per_class": {
            "0": {
              "cosine": 0.7084740932684647,
              "kendall_tau": 0.7614526070298183,
              "top15_jaccard": 0.30434782608695654,
              "acc_change": -0.9927
            },
            "1": {
              "cosine": 0.6787744219847336,
              "kendall_tau": 0.8000959539421076,
              "top15_jaccard": 0.36363636363636365,
              "acc_change": -0.839
            }
          }
        },
        {
          "from": 1,
          "to": 2,
          "per_class": {
            "0": {
              "cosine": 0.9704436584101893,
              "kendall_tau": 0.9217058137597868,
              "top15_jaccard": 0.6666666666666666,
              "acc_change": 0.0113
            },
            "1": {
              "cosine": 0.9385228913801933,
              "kendall_tau": 0.8567087797857028,
              "top15_jaccard": 0.5789473684210527,
              "acc_change": 0.0229
            },
            "2": {
              "cosine": 0.7914132490726716,
              "kendall_tau": 0.8504201680672269,
              "top15_jaccard": 0.2,
              "acc_change": 0.0
            }
          }
        },
        {
          "from": 2,
          "to": 3,
          "per_class": {
            "0": {
              "cosine": 0.9982895700824571,
              "kendall_tau": 0.9820089955022488,
              "top15_jaccard": 0.875,
              "acc_change": 0.0135
            },
            "1": {
              "cosine": 0.9914989455360589,
              "kendall_tau": 0.9593794978410362,
              "top15_jaccard": 0.875,
              "acc_change": 0.0051
            },
            "2": {
              "cosine": 0.9888924917605588,
              "kendall_tau": 0.9563025210084033,
              "top15_jaccard": 0.6666666666666666,
              "acc_change": -0.0041
            },
            "3": {
              "cosine": 0.9951874073520648,
              "kendall_tau": 0.9677310924369747,
              "top15_jaccard": 0.875,
              "acc_change": 0.0
            }
          }
        }
      ],
      "per_class_acc": {
        "0": {
          "0": 0.9927,
          "1": 0.8598
        },
        "1": {
          "0": 0.0,
          "1": 0.0208,
          "2": 1.0
        },
        "2": {
          "0": 0.0113,
          "1": 0.0437,
          "2": 1.0,
          "3": 0.0
        },
        "3": {
          "0": 0.0248,
          "1": 0.0488,
          "2": 0.9959,
          "3": 0.0,
          "4": 0.0
        }
      }
    },
    "Replay": {
      "transitions": [
        {
          "from": 0,
          "to": 1,
          "per_class": {
            "0": {
              "cosine": 0.8538742343870978,
              "kendall_tau": 0.8434116275195734,
              "top15_jaccard": 0.5789473684210527,
              "acc_change": -0.1251
            },
            "1": {
              "cosine": 0.8711766409314268,
              "kendall_tau": 0.8544698544698544,
              "top15_jaccard": 0.5,
              "acc_change": -0.4271
            }
          }
        },
        {
          "from": 1,
          "to": 2,
          "per_class": {
            "0": {
              "cosine": 0.959925946963375,
              "kendall_tau": 0.9123771447609528,
              "top15_jaccard": 0.875,
              "acc_change": -0.0088
            },
            "1": {
              "cosine": 0.9586394720658231,
              "kendall_tau": 0.8918918918918918,
              "top15_jaccard": 0.7647058823529411,
              "acc_change": 0.3708
            },
            "2": {
              "cosine": 0.918314959600956,
              "kendall_tau": 0.8766386554621847,
              "top15_jaccard": 0.5,
              "acc_change": -0.195
            }
          }
        },
        {
          "from": 2,
          "to": 3,
          "per_class": {
            "0": {
              "cosine": 0.9909092845710585,
              "kendall_tau": 0.9540229885057471,
              "top15_jaccard": 1.0,
              "acc_change": 0.0373
            },
            "1": {
              "cosine": 0.9860972416938049,
              "kendall_tau": 0.933791779945626,
              "top15_jaccard": 0.875,
              "acc_change": 0.0394
            },
            "2": {
              "cosine": 0.9913897152238903,
              "kendall_tau": 0.945546218487395,
              "top15_jaccard": 0.7647058823529411,
              "acc_change": 0.0169
            },
            "3": {
              "cosine": 0.9492587401583525,
              "kendall_tau": 0.927394957983193,
              "top15_jaccard": 0.7647058823529411,
              "acc_change": -0.0433
            }
          }
        }
      ],
      "per_class_acc": {
        "0": {
          "0": 0.9927,
          "1": 0.8598
        },
        "1": {
          "0": 0.8676,
          "1": 0.4327,
          "2": 0.9418
        },
        "2": {
          "0": 0.8588,
          "1": 0.8035,
          "2": 0.7468,
          "3": 0.5185
        },
        "3": {
          "0": 0.8961,
          "1": 0.8429,
          "2": 0.7637,
          "3": 0.4752,
          "4": 0.0746
        }
      }
    },
    "Replay-DPMeans": {
      "transitions": [
        {
          "from": 0,
          "to": 1,
          "per_class": {
            "0": {
              "cosine": 0.8530354096701329,
              "kendall_tau": 0.858070964517741,
              "top15_jaccard": 0.5789473684210527,
              "acc_change": -0.127
            },
            "1": {
              "cosine": 0.8667076356571045,
              "kendall_tau": 0.8490324644170797,
              "top15_jaccard": 0.5,
              "acc_change": -0.2495
            }
          }
        },
        {
          "from": 1,
          "to": 2,
          "per_class": {
            "0": {
              "cosine": 0.9533975368750175,
              "kendall_tau": 0.8943861402632017,
              "top15_jaccard": 0.875,
              "acc_change": -0.0184
            },
            "1": {
              "cosine": 0.9589511035830842,
              "kendall_tau": 0.9216376139453062,
              "top15_jaccard": 0.875,
              "acc_change": 0.1863
            },
            "2": {
              "cosine": 0.9469477796599494,
              "kendall_tau": 0.8900840336134453,
              "top15_jaccard": 0.5789473684210527,
              "acc_change": -0.1884
            }
          }
        },
        {
          "from": 2,
          "to": 3,
          "per_class": {
            "0": {
              "cosine": 0.9727887195920467,
              "kendall_tau": 0.9496918207562886,
              "top15_jaccard": 0.875,
              "acc_change": 0.0754
            },
            "1": {
              "cosine": 0.9852608767052,
              "kendall_tau": 0.927714696945466,
              "top15_jaccard": 0.6666666666666666,
              "acc_change": -0.0119
            },
            "2": {
              "cosine": 0.9972283619388924,
              "kendall_tau": 0.9663865546218485,
              "top15_jaccard": 0.875,
              "acc_change": 0.0917
            },
            "3": {
              "cosine": 0.9423604305870467,
              "kendall_tau": 0.9287394957983193,
              "top15_jaccard": 0.7647058823529411,
              "acc_change": -0.1581
            }
          }
        }
      ],