{
  "config": {
    "dataset": "CIC-IDS-2017",
    "seed": 2,
    "tasks": [
      [
        0,
        1
      ],
      [
        2,
        3
      ],
      [
        4,
        5
      ],
      [
        6,
        7
      ]
    ],
    "n_explain": 200,
    "n_background": 100,
    "shap_nsamples": 200,
    "top_k": 15,
    "smoke": false,
    "attribution": "shap.GradientExplainer mean|SHAP|",
    "background": "fixed Task-0 train sample",
    "pilora_note": "explains head-path only; router excluded (P7)"
  },
  "methods": {
    "Naive": {
      "transitions": [
        {
          "from": 0,
          "to": 1,
          "per_class": {
            "0": {
              "cosine": 0.9496241010083888,
              "kendall_tau": 0.6922029281579842,
              "top15_jaccard": 0.5,
              "acc_change": -0.8448
            },
            "1": {
              "cosine": 0.97135613914794,
              "kendall_tau": 0.7214845080013619,
              "top15_jaccard": 0.36363636363636365,
              "acc_change": -0.9885
            }
          }
        },
        {
          "from": 1,
          "to": 2,
          "per_class": {
            "0": {
              "cosine": 0.7190941780727044,
              "kendall_tau": 0.7732379979570989,
              "top15_jaccard": 0.42857142857142855,
              "acc_change": -0.1011
            },
            "1": {
              "cosine": 0.8330685698154209,
              "kendall_tau": 0.727613210759278,
              "top15_jaccard": 0.42857142857142855,
              "acc_change": -0.0101
            },
            "2": {
              "cosine": 0.6976544666469772,
              "kendall_tau": 0.6656452162070139,
              "top15_jaccard": 0.2,
              "acc_change": -0.8212
            },
            "3": {
              "cosine": 0.8103702544771,
              "kendall_tau": 0.7466802860061286,
              "top15_jaccard": 0.36363636363636365,
              "acc_change": -0.7188
            }
          }
        },
        {
          "from": 2,
          "to": 3,
          "per_class": {
            "0": {
              "cosine": 0.9498551433555125,
              "kendall_tau": 0.8256724548859379,
              "top15_jaccard": 0.5789473684210527,
              "acc_change": 0.0478
            },
            "1": {
              "cosine": 0.9605592435714053,
              "kendall_tau": 0.8733401430030643,
              "top15_jaccard": 0.7647058823529411,
              "acc_change": 0.0021
            },
            "2": {
              "cosine": 0.9008348288525314,
              "kendall_tau": 0.7991147429349675,
              "top15_jaccard": 0.5789473684210527,
              "acc_change": 0.0529
            },
            "3": {
              "cosine": 0.9586185979642425,
              "kendall_tau": 0.8733401430030643,
              "top15_jaccard": 0.6666666666666666,
              "acc_change": -0.1699
            },
            "4": {
              "cosine": 0.9664243170055846,
              "kendall_tau": 0.8747020769492678,
              "top15_jaccard": 0.6666666666666666,
              "acc_change": -0.0011
            }
          }
        }
      ],
      "per_class_acc": {
        "0": {
          "0": 0.9906,
          "1": 0.9986
        },
        "1": {
          "0": 0.1458,
          "1": 0.0101,
          "2": 1.0,
          "3": 0.9993
        },
        "2": {
          "0": 0.0447,
          "1": 0.0,
          "2": 0.1788,
          "3": 0.2804,
          "4": 1.0
        },
        "3": {
          "0": 0.0925,
          "1": 0.0021,
          "2": 0.2317,
          "3": 0.1106,
          "4": 0.9989,
          "6": 0.0,
          "7": 0.0
        }
      }
    },
    "Replay": {
      "transitions": [
        {
          "from": 0,
          "to": 1,
          "per_class": {
            "0": {
              "cosine": 0.9382866908093905,
              "kendall_tau": 0.7963908750425603,
              "top15_jaccard": 0.42857142857142855,
              "acc_change": -0.1255
            },
            "1": {
              "cosine": 0.9267875216736285,
              "kendall_tau": 0.8209056860742253,
              "top15_jaccard": 0.5789473684210527,
              "acc_change": -0.1071
            }
          }
        },
        {
          "from": 1,
          "to": 2,
          "per_class": {
            "0": {
              "cosine": 0.6864362677408402,
              "kendall_tau": 0.7589376915219611,
              "top15_jaccard": 0.6666666666666666,
              "acc_change": -0.0079
            },
            "1": {
              "cosine": 0.9305173346554282,
              "kendall_tau": 0.7970718420156622,
              "top15_jaccard": 0.42857142857142855,
              "acc_change": 0.0021
            },
            "2": {
              "cosine": 0.9248176093248631,
              "kendall_tau": 0.846101464078992,
              "top15_jaccard": 0.6666666666666666,
              "acc_change": -0.0037
            },
            "3": {
              "cosine": 0.7772844788061533,
              "kendall_tau": 0.7092271024855294,
              "top15_jaccard": 0.36363636363636365,
              "acc_change": -0.0029
            }
          }
        },
        {
          "from": 2,
          "to": 3,
          "per_class": {
            "0": {
              "cosine": 0.9687538548541674,
              "kendall_tau": 0.7923050732039495,
              "top15_jaccard": 0.6666666666666666,
              "acc_change": -0.1394
            },
            "1": {
              "cosine": 0.939313139689009,
              "kendall_tau": 0.8256724548859379,
              "top15_jaccard": 0.5789473684210527,
              "acc_change": 0.0856
            },
            "2": {
              "cosine": 0.8990893678669885,
              "kendall_tau": 0.8263534218590398,
              "top15_jaccard": 0.5789473684210527,
              "acc_change": 0.0017
            },
            "3": {
              "cosine": 0.9652953216898229,
              "kendall_tau": 0.8515491998638065,
              "top15_jaccard": 0.875,
              "acc_change": -0.0004
            },
            "4": {
              "cosine": 0.9559866510606784,
              "kendall_tau": 0.8236295539666325,
              "top15_jaccard": 0.5789473684210527,
              "acc_change": -0.425
            }
          }
        }
      ],
      "per_class_acc": {
        "0": {
          "0": 0.9906,
          "1": 0.9986
        },
        "1": {
          "0": 0.8651,
          "1": 0.8915,
          "2": 1.0,
          "3": 1.0
        },
        "2": {
          "0": 0.8573,
          "1": 0.8936,
          "2": 0.9963,
          "3": 0.9971,
          "4": 1.0
        },
        "3": {
          "0": 0.7179,
          "1": 0.9792,
          "2": 0.998,
          "3": 0.9967,
          "4": 0.575,
          "6": 0.9795,
          "7": 0.0
        }
      }
    },
    "Replay-DPMeans": {
      "transitions": [
        {
          "from": 0,
          "to": 1,
          "per_class": {
            "0": {
              "cosine": 0.9724348045929979,
              "kendall_tau": 0.8025195778004766,
              "top15_jaccard": 0.5,
              "acc_change": -0.1488
            },
            "1": {
              "cosine": 0.9769975487243442,
              "kendall_tau": 0.8522301668369082,
              "top15_jaccard": 0.6666666666666666,
              "acc_change": -0.0697
            }
          }
        },
        {
          "from": 1,
          "to": 2,
          "per_class": {
            "0": {
              "cosine": 0.5729101379516984,
              "kendall_tau": 0.793667007150153,
              "top15_jaccard": 0.6666666666666666,
              "acc_change": -0.0382
            },
            "1": {
              "cosine": 0.9660116335464048,
              "kendall_tau": 0.7977528089887639,
              "top15_jaccard": 0.42857142857142855,