{
  "config": {
    "dataset": "NSL-KDD",
    "seed": 0,
    "tasks": [
      [
        0,
        1
      ],
      [
        2
      ],
      [
        3
      ],
      [
        4
      ]
    ],
    "n_explain": 200,
    "n_background": 100,
    "shap_nsamples": 200,
    "top_k": 15,
    "smoke": false,
    "attribution": "shap.GradientExplainer mean|SHAP|",
    "background": "fixed Task-0 train sample",
    "pilora_note": "explains head-path only; router excluded (P7)"
  },
  "methods": {
    "Naive": {
      "transitions": [
        {
          "from": 0,
          "to": 1,
          "per_class": {
            "0": {
              "cosine": 0.8541174427145498,
              "kendall_tau": 0.7918164697825714,
              "top15_jaccard": 0.5789473684210527,
              "acc_change": -0.9925
            },
            "1": {
              "cosine": 0.7039728886550638,
              "kendall_tau": 0.7932555940750077,
              "top15_jaccard": 0.42857142857142855,
              "acc_change": -0.8496
            }
          }
        },
        {
          "from": 1,
          "to": 2,
          "per_class": {
            "0": {
              "cosine": 0.9348675120959677,
              "kendall_tau": 0.8965930491354219,
              "top15_jaccard": 0.5789473684210527,
              "acc_change": 0.2279
            },
            "1": {
              "cosine": 0.9326661966586768,
              "kendall_tau": 0.8726757012291205,
              "top15_jaccard": 0.6666666666666666,
              "acc_change": 0.0416
            },
            "2": {
              "cosine": 0.8292912130295087,
              "kendall_tau": 0.8252683732452518,
              "top15_jaccard": 0.42857142857142855,
              "acc_change": -0.0066
            }
          }
        },
        {
          "from": 2,
          "to": 3,
          "per_class": {
            "0": {
              "cosine": 0.9985407903297732,
              "kendall_tau": 0.9797979797979798,
              "top15_jaccard": 0.875,
              "acc_change": -0.152
            },
            "1": {
              "cosine": 0.9920043926693572,
              "kendall_tau": 0.9684840844626534,
              "top15_jaccard": 0.7647058823529411,
              "acc_change": 0.0038
            },
            "2": {
              "cosine": 0.9758642023242179,
              "kendall_tau": 0.9421965317919074,
              "top15_jaccard": 0.6666666666666666,
              "acc_change": -0.0012
            },
            "3": {
              "cosine": 0.9948082588104087,
              "kendall_tau": 0.9563551557554556,
              "top15_jaccard": 0.875,
              "acc_change": 0.0
            }
          }
        }
      ],
      "per_class_acc": {
        "0": {
          "0": 0.9925,
          "1": 0.8496
        },
        "1": {
          "0": 0.0,
          "1": 0.0,
          "2": 1.0
        },
        "2": {
          "0": 0.2279,
          "1": 0.0416,
          "2": 0.9934,
          "3": 0.0
        },
        "3": {
          "0": 0.0759,
          "1": 0.0453,
          "2": 0.9922,
          "3": 0.0,
          "4": 0.0
        }
      }
    },
    "Replay": {
      "transitions": [
        {
          "from": 0,
          "to": 1,
          "per_class": {
            "0": {
              "cosine": 0.8636801128266574,
              "kendall_tau": 0.8294812532100666,
              "top15_jaccard": 0.5789473684210527,
              "acc_change": -0.1256
            },
            "1": {
              "cosine": 0.8950501300274103,
              "kendall_tau": 0.8657421998109044,
              "top15_jaccard": 0.5789473684210527,
              "acc_change": -0.3987
            }
          }
        },
        {
          "from": 1,
          "to": 2,
          "per_class": {
            "0": {
              "cosine": 0.9715802794483147,
              "kendall_tau": 0.8972778633795581,
              "top15_jaccard": 0.875,
              "acc_change": -0.0309
            },
            "1": {
              "cosine": 0.953243345458962,
              "kendall_tau": 0.8849669082886856,
              "top15_jaccard": 0.7647058823529411,
              "acc_change": 0.3661
            },
            "2": {
              "cosine": 0.9053712663357882,
              "kendall_tau": 0.8407927332782823,
              "top15_jaccard": 0.25,
              "acc_change": -0.2685
            }
          }
        },
        {
          "from": 2,
          "to": 3,
          "per_class": {
            "0": {
              "cosine": 0.9913361392211563,
              "kendall_tau": 0.9421331963704843,
              "top15_jaccard": 0.875,
              "acc_change": 0.0706
            },
            "1": {
              "cosine": 0.9851157704012841,
              "kendall_tau": 0.9155373463599116,
              "top15_jaccard": 0.875,
              "acc_change": -0.0572
            },
            "2": {
              "cosine": 0.9956342471013996,
              "kendall_tau": 0.9547481420313788,
              "top15_jaccard": 0.7647058823529411,
              "acc_change": 0.1334
            },
            "3": {
              "cosine": 0.9615606134504,
              "kendall_tau": 0.9030484757621189,
              "top15_jaccard": 0.875,
              "acc_change": -0.1671
            }
          }
        }
      ],
      "per_class_acc": {
        "0": {
          "0": 0.9925,
          "1": 0.8496
        },
        "1": {
          "0": 0.8669,
          "1": 0.4509,
          "2": 0.9219
        },
        "2": {
          "0": 0.836,
          "1": 0.817,
          "2": 0.6534,
          "3": 0.5029
        },
        "3": {
          "0": 0.9066,
          "1": 0.7598,
          "2": 0.7869,
          "3": 0.3359,
          "4": 0.1791
        }
      }
    },
    "Replay-DPMeans": {
      "transitions": [
        {
          "from": 0,
          "to": 1,
          "per_class": {
            "0": {
              "cosine": 0.871773471762199,
              "kendall_tau": 0.8469440164355416,
              "top15_jaccard": 0.5789473684210527,
              "acc_change": -0.1276
            },
            "1": {
              "cosine": 0.884444193228731,
              "kendall_tau": 0.8550267885282067,
              "top15_jaccard": 0.5789473684210527,
              "acc_change": -0.2007
            }
          }
        },
        {
          "from": 1,
          "to": 2,
          "per_class": {
            "0": {
              "cosine": 0.9783200495447238,
              "kendall_tau": 0.8894024995719909,
              "top15_jaccard": 0.875,
              "acc_change": -0.0397
            },
            "1": {
              "cosine": 0.9715177421773803,
              "kendall_tau": 0.878348566025843,
              "top15_jaccard": 0.875,
              "acc_change": 0.2046
            },
            "2": {
              "cosine": 0.9283077369811937,
              "kendall_tau": 0.8483897605284888,
              "top15_jaccard": 0.36363636363636365,
              "acc_change": -0.1148
            }
          }
        },
        {
          "from": 2,
          "to": 3,
          "per_class": {
            "0": {
              "cosine": 0.9894119716741101,
              "kendall_tau": 0.9592535524738913,
              "top15_jaccard": 1.0,
              "acc_change": 0.0471
            },
            "1": {
              "cosine": 0.9866621516986549,
              "kendall_tau": 0.9284588717302236,
              "top15_jaccard": 0.875,
              "acc_change": -0.0186
            },
            "2": {
              "cosine": 0.9915556945140772,
              "kendall_tau": 0.9461601981833194,
              "top15_jaccard": 0.6666666666666666,
              "acc_change": 0.1045
            },
            "3": {
              "cosine": 0.9750577789038124,
              "kendall_tau": 0.9310344827586206,
              "top15_jaccard": 0.875,