{
  "config": {
    "dataset": "CIC-IDS-2018",
    "seed": 3,
    "tasks": [
      [
        0,
        1
      ],
      [
        2,
        3
      ],
      [
        4,
        5
      ],
      [
        6
      ]
    ],
    "n_explain": 200,
    "n_background": 100,
    "shap_nsamples": 200,
    "top_k": 15,
    "smoke": false,
    "attribution": "shap.GradientExplainer mean|SHAP|",
    "background": "fixed Task-0 train sample",
    "pilora_note": "explains head-path only; router excluded (P7)"
  },
  "methods": {
    "Naive": {
      "transitions": [
        {
          "from": 0,
          "to": 1,
          "per_class": {
            "0": {
              "cosine": 0.782644765582403,
              "kendall_tau": 0.6214382632293081,
              "top15_jaccard": 0.25,
              "acc_change": -0.8944
            },
            "1": {
              "cosine": 0.9722266871891951,
              "kendall_tau": 0.8086482805583929,
              "top15_jaccard": 0.6666666666666666,
              "acc_change": -1.0
            }
          }
        },
        {
          "from": 1,
          "to": 2,
          "per_class": {
            "0": {
              "cosine": 0.6883411569041206,
              "kendall_tau": 0.4681139755766622,
              "top15_jaccard": 0.2,
              "acc_change": -0.1056
            },
            "1": {
              "cosine": 0.9258934447395814,
              "kendall_tau": 0.6649642492339121,
              "top15_jaccard": 0.5789473684210527,
              "acc_change": 0.0
            },
            "2": {
              "cosine": 0.8367473727320119,
              "kendall_tau": 0.6247871978209056,
              "top15_jaccard": 0.42857142857142855,
              "acc_change": -1.0
            },
            "3": {
              "cosine": 0.9344928142172477,
              "kendall_tau": 0.647940074906367,
              "top15_jaccard": 0.5789473684210527,
              "acc_change": -1.0
            }
          }
        },
        {
          "from": 2,
          "to": 3,
          "per_class": {
            "0": {
              "cosine": 0.9056245501252834,
              "kendall_tau": 0.7014925373134329,
              "top15_jaccard": 0.5,
              "acc_change": 0.0
            },
            "1": {
              "cosine": 0.9114671024957625,
              "kendall_tau": 0.6949267960503915,
              "top15_jaccard": 0.6666666666666666,
              "acc_change": 0.0
            },
            "2": {
              "cosine": 0.8866669677963848,
              "kendall_tau": 0.6506639427987742,
              "top15_jaccard": 0.36363636363636365,
              "acc_change": 0.0
            },
            "3": {
              "cosine": 0.9150558335857819,
              "kendall_tau": 0.7296561116785836,
              "top15_jaccard": 0.6666666666666666,
              "acc_change": 0.0
            },
            "4": {
              "cosine": 0.7668775325095412,
              "kendall_tau": 0.7103120759837178,
              "top15_jaccard": 0.42857142857142855,
              "acc_change": -0.5699
            },
            "5": {
              "cosine": 0.8483207938367441,
              "kendall_tau": 0.5038655462184873,
              "top15_jaccard": 0.30434782608695654,
              "acc_change": -1.0
            }
          }
        }
      ],
      "per_class_acc": {
        "0": {
          "0": 1.0,
          "1": 1.0
        },
        "1": {
          "0": 0.1056,
          "1": 0.0,
          "2": 1.0,
          "3": 1.0
        },
        "2": {
          "0": 0.0,
          "1": 0.0,
          "2": 0.0,
          "3": 0.0,
          "4": 0.5699,
          "5": 1.0
        },
        "3": {
          "0": 0.0,
          "1": 0.0,
          "2": 0.0,
          "3": 0.0,
          "4": 0.0,
          "5": 0.0,
          "6": 1.0
        }
      }
    },
    "Replay": {
      "transitions": [
        {
          "from": 0,
          "to": 1,
          "per_class": {
            "0": {
              "cosine": 0.8542879045528795,
              "kendall_tau": 0.73202170963365,
              "top15_jaccard": 0.5,
              "acc_change": -0.0042
            },
            "1": {
              "cosine": 0.9840634643539414,
              "kendall_tau": 0.8059244126659856,
              "top15_jaccard": 0.6666666666666666,
              "acc_change": -0.9995
            }
          }
        },
        {
          "from": 1,
          "to": 2,
          "per_class": {
            "0": {
              "cosine": 0.8589219464302151,
              "kendall_tau": 0.66078697421981,
              "top15_jaccard": 0.5,
              "acc_change": -0.9958
            },
            "1": {
              "cosine": 0.9761257920354147,
              "kendall_tau": 0.7133129043241402,
              "top15_jaccard": 0.5,
              "acc_change": 0.9915
            },
            "2": {
              "cosine": 0.7704353430946423,
              "kendall_tau": 0.7303370786516853,
              "top15_jaccard": 0.5,
              "acc_change": -0.0005
            },
            "3": {
              "cosine": 0.9582011888642846,
              "kendall_tau": 0.7500851208716377,
              "top15_jaccard": 0.7647058823529411,
              "acc_change": -0.6679
            }
          }
        },
        {
          "from": 2,
          "to": 3,
          "per_class": {
            "0": {
              "cosine": 0.9796455592338459,
              "kendall_tau": 0.8032564450474898,
              "top15_jaccard": 0.7647058823529411,
              "acc_change": 0.567
            },
            "1": {
              "cosine": 0.9921531678935938,
              "kendall_tau": 0.8195437521280217,
              "top15_jaccard": 0.6666666666666666,
              "acc_change": 0.0002
            },
            "2": {
              "cosine": 0.8115419365208043,
              "kendall_tau": 0.7555328566564521,
              "top15_jaccard": 0.5,
              "acc_change": 0.0
            },
            "3": {
              "cosine": 0.9830448923531628,
              "kendall_tau": 0.7562138236295539,
              "top15_jaccard": 0.7647058823529411,
              "acc_change": 0.0
            },
            "4": {
              "cosine": 0.9242714634349465,
              "kendall_tau": 0.7774762550881955,
              "top15_jaccard": 0.36363636363636365,
              "acc_change": 0.4086
            },
            "5": {
              "cosine": 0.9472959534254771,
              "kendall_tau": 0.7532773109243697,
              "top15_jaccard": 0.5,
              "acc_change": -0.314
            }
          }
        }
      ],
      "per_class_acc": {
        "0": {
          "0": 1.0,
          "1": 1.0
        },
        "1": {
          "0": 0.9958,
          "1": 0.0005,
          "2": 1.0,
          "3": 1.0
        },
        "2": {
          "0": 0.0,
          "1": 0.992,
          "2": 0.9995,
          "3": 0.3321,
          "4": 0.5699,
          "5": 0.9988
        },
        "3": {
          "0": 0.567,
          "1": 0.9922,
          "2": 0.9995,
          "3": 0.3321,
          "4": 0.9785,
          "5": 0.6848,
          "6": 1.0
        }
      }
    },
    "Replay-DPMeans": {
      "transitions": [
        {
          "from": 0,
          "to": 1,
          "per_class": {
            "0": {
              "cosine": 0.8944813378911044,
              "kendall_tau": 0.7774762550881955,
              "top15_jaccard": 0.5789473684210527,
              "acc_change": -0.0132
            },
            "1": {
              "cosine": 0.9757961474954164,
              "kendall_tau": 0.8018386108273748,
              "top15_jaccard": 0.6666666666666666,
              "acc_change": -0.9995
            }
          }
        },
        {
          "from": 1,
          "to": 2,
          "per_class": {
            "0": {
              "cosine": 0.8362082108639197,
              "kendall_tau": 0.5563093622795116,