{
  "config": {
    "dataset": "CIC-IDS-2018",
    "seed": 2,
    "tasks": [
      [
        0,
        1
      ],
      [
        2,
        3
      ],
      [
        4,
        5
      ],
      [
        6
      ]
    ],
    "n_explain": 200,
    "n_background": 100,
    "shap_nsamples": 200,
    "top_k": 15,
    "smoke": false,
    "attribution": "shap.GradientExplainer mean|SHAP|",
    "background": "fixed Task-0 train sample",
    "pilora_note": "explains head-path only; router excluded (P7)"
  },
  "methods": {
    "Naive": {
      "transitions": [
        {
          "from": 0,
          "to": 1,
          "per_class": {
            "0": {
              "cosine": 0.6495382170818024,
              "kendall_tau": 0.5179175118323192,
              "top15_jaccard": 0.25,
              "acc_change": -1.0
            },
            "1": {
              "cosine": 0.9697080248221941,
              "kendall_tau": 0.8426966292134831,
              "top15_jaccard": 0.6666666666666666,
              "acc_change": -1.0
            }
          }
        },
        {
          "from": 1,
          "to": 2,
          "per_class": {
            "0": {
              "cosine": 0.6018970085765798,
              "kendall_tau": 0.5720081135902637,
              "top15_jaccard": 0.15384615384615385,
              "acc_change": 0.0
            },
            "1": {
              "cosine": 0.8232775059567252,
              "kendall_tau": 0.7201225740551582,
              "top15_jaccard": 0.5,
              "acc_change": 0.0
            },
            "2": {
              "cosine": 0.7617875906543756,
              "kendall_tau": 0.6458971739870616,
              "top15_jaccard": 0.30434782608695654,
              "acc_change": -1.0
            },
            "3": {
              "cosine": 0.7937614634037605,
              "kendall_tau": 0.6601974804221994,
              "top15_jaccard": 0.42857142857142855,
              "acc_change": -1.0
            }
          }
        },
        {
          "from": 2,
          "to": 3,
          "per_class": {
            "0": {
              "cosine": 0.8910406479938415,
              "kendall_tau": 0.607843137254902,
              "top15_jaccard": 0.5,
              "acc_change": 0.0
            },
            "1": {
              "cosine": 0.7543927379095235,
              "kendall_tau": 0.6411304051753489,
              "top15_jaccard": 0.25,
              "acc_change": 0.0
            },
            "2": {
              "cosine": 0.6917254469935639,
              "kendall_tau": 0.6329588014981272,
              "top15_jaccard": 0.25,
              "acc_change": 0.0
            },
            "3": {
              "cosine": 0.8378970590335731,
              "kendall_tau": 0.6949267960503915,
              "top15_jaccard": 0.42857142857142855,
              "acc_change": 0.0
            },
            "4": {
              "cosine": 0.6773711849985355,
              "kendall_tau": 0.5359565807327001,
              "top15_jaccard": 0.15384615384615385,
              "acc_change": -0.5699
            },
            "5": {
              "cosine": 0.7453823549489705,
              "kendall_tau": 0.5865546218487394,
              "top15_jaccard": 0.2,
              "acc_change": -0.6796
            }
          }
        }
      ],
      "per_class_acc": {
        "0": {
          "0": 1.0,
          "1": 1.0
        },
        "1": {
          "0": 0.0,
          "1": 0.0,
          "2": 1.0,
          "3": 1.0
        },
        "2": {
          "0": 0.0,
          "1": 0.0,
          "2": 0.0,
          "3": 0.0,
          "4": 0.5699,
          "5": 0.9998
        },
        "3": {
          "0": 0.0,
          "1": 0.0,
          "2": 0.0,
          "3": 0.0,
          "4": 0.0,
          "5": 0.3202,
          "6": 1.0
        }
      }
    },
    "Replay": {
      "transitions": [
        {
          "from": 0,
          "to": 1,
          "per_class": {
            "0": {
              "cosine": 0.903649756784792,
              "kendall_tau": 0.7538877620013522,
              "top15_jaccard": 0.5789473684210527,
              "acc_change": -0.0121
            },
            "1": {
              "cosine": 0.9640357475059064,
              "kendall_tau": 0.8815117466802859,
              "top15_jaccard": 0.7647058823529411,
              "acc_change": -1.0
            }
          }
        },
        {
          "from": 1,
          "to": 2,
          "per_class": {
            "0": {
              "cosine": 0.8944112525337152,
              "kendall_tau": 0.555104800540906,
              "top15_jaccard": 0.30434782608695654,
              "acc_change": -0.9879
            },
            "1": {
              "cosine": 0.9692226883158055,
              "kendall_tau": 0.7616615594143683,
              "top15_jaccard": 0.7647058823529411,
              "acc_change": 0.992
            },
            "2": {
              "cosine": 0.9650614200825972,
              "kendall_tau": 0.7889002383384405,
              "top15_jaccard": 0.5,
              "acc_change": -0.0005
            },
            "3": {
              "cosine": 0.9141224018814171,
              "kendall_tau": 0.7364657814096016,
              "top15_jaccard": 0.6666666666666666,
              "acc_change": -0.6679
            }
          }
        },
        {
          "from": 2,
          "to": 3,
          "per_class": {
            "0": {
              "cosine": 0.9421041798805202,
              "kendall_tau": 0.7295469912102772,
              "top15_jaccard": 0.30434782608695654,
              "acc_change": 0.8459
            },
            "1": {
              "cosine": 0.9362259301928334,
              "kendall_tau": 0.7637044603336737,
              "top15_jaccard": 0.5,
              "acc_change": -0.1169
            },
            "2": {
              "cosine": 0.9491961576069337,
              "kendall_tau": 0.7500851208716377,
              "top15_jaccard": 0.42857142857142855,
              "acc_change": 0.0
            },
            "3": {
              "cosine": 0.9214554437016996,
              "kendall_tau": 0.7752808988764044,
              "top15_jaccard": 0.6666666666666666,
              "acc_change": 0.1147
            },
            "4": {
              "cosine": 0.8965197073165471,
              "kendall_tau": 0.7557666214382633,
              "top15_jaccard": 0.5789473684210527,
              "acc_change": 0.3011
            },
            "5": {
              "cosine": 0.9717231486550518,
              "kendall_tau": 0.7230252100840335,
              "top15_jaccard": 0.5,
              "acc_change": -0.6344
            }
          }
        }
      ],
      "per_class_acc": {
        "0": {
          "0": 1.0,
          "1": 1.0
        },
        "1": {
          "0": 0.9879,
          "1": 0.0,
          "2": 1.0,
          "3": 1.0
        },
        "2": {
          "0": 0.0,
          "1": 0.992,
          "2": 0.9995,
          "3": 0.3321,
          "4": 0.6828,
          "5": 0.9986
        },
        "3": {
          "0": 0.8459,
          "1": 0.8751,
          "2": 0.9995,
          "3": 0.4468,
          "4": 0.9839,
          "5": 0.3642,
          "6": 1.0
        }
      }
    },
    "Replay-DPMeans": {
      "transitions": [
        {
          "from": 0,
          "to": 1,
          "per_class": {
            "0": {
              "cosine": 0.9235419221253555,
              "kendall_tau": 0.762001352265044,
              "top15_jaccard": 0.6666666666666666,
              "acc_change": -0.0117
            },
            "1": {
              "cosine": 0.9810114302568387,
              "kendall_tau": 0.8794688457609804,
              "top15_jaccard": 0.7647058823529411,
              "acc_change": -1.0
            }
          }
        },
        {
          "from": 1,
          "to": 2,
          "per_class": {
            "0": {
              "cosine": 0.7971509675181429,
              "kendall_tau": 0.555104800540906,