{
  "config": {
    "dataset": "CIC-IDS-2018",
    "seed": 0,
    "tasks": [
      [
        0,
        1
      ],
      [
        2,
        3
      ],
      [
        4,
        5
      ],
      [
        6
      ]
    ],
    "n_explain": 200,
    "n_background": 100,
    "shap_nsamples": 200,
    "top_k": 15,
    "smoke": false,
    "attribution": "shap.GradientExplainer mean|SHAP|",
    "background": "fixed Task-0 train sample",
    "pilora_note": "explains head-path only; router excluded (P7)"
  },
  "methods": {
    "Naive": {
      "transitions": [
        {
          "from": 0,
          "to": 1,
          "per_class": {
            "0": {
              "cosine": 0.7040802145412481,
              "kendall_tau": 0.55359565807327,
              "top15_jaccard": 0.15384615384615385,
              "acc_change": -1.0
            },
            "1": {
              "cosine": 0.9796033391631169,
              "kendall_tau": 0.818181818181818,
              "top15_jaccard": 0.6666666666666666,
              "acc_change": -1.0
            }
          }
        },
        {
          "from": 1,
          "to": 2,
          "per_class": {
            "0": {
              "cosine": 0.7186839555535945,
              "kendall_tau": 0.57123473541384,
              "top15_jaccard": 0.30434782608695654,
              "acc_change": 0.0
            },
            "1": {
              "cosine": 0.8735397527015245,
              "kendall_tau": 0.7024174327545114,
              "top15_jaccard": 0.30434782608695654,
              "acc_change": 0.0
            },
            "2": {
              "cosine": 0.7417412425103753,
              "kendall_tau": 0.658154579502894,
              "top15_jaccard": 0.30434782608695654,
              "acc_change": -1.0
            },
            "3": {
              "cosine": 0.8868986246191684,
              "kendall_tau": 0.7003745318352058,
              "top15_jaccard": 0.42857142857142855,
              "acc_change": -1.0
            }
          }
        },
        {
          "from": 2,
          "to": 3,
          "per_class": {
            "0": {
              "cosine": 0.9295561057276464,
              "kendall_tau": 0.6797829036635008,
              "top15_jaccard": 0.5789473684210527,
              "acc_change": 0.0
            },
            "1": {
              "cosine": 0.8803609809512776,
              "kendall_tau": 0.6704119850187266,
              "top15_jaccard": 0.25,
              "acc_change": 0.0
            },
            "2": {
              "cosine": 0.9254456098611477,
              "kendall_tau": 0.7024174327545114,
              "top15_jaccard": 0.42857142857142855,
              "acc_change": 0.0
            },
            "3": {
              "cosine": 0.8453614110995336,
              "kendall_tau": 0.7167177391896492,
              "top15_jaccard": 0.42857142857142855,
              "acc_change": 0.0
            },
            "4": {
              "cosine": 0.8199198925999953,
              "kendall_tau": 0.6831750339213026,
              "top15_jaccard": 0.36363636363636365,
              "acc_change": -0.6129
            },
            "5": {
              "cosine": 0.6725286273638185,
              "kendall_tau": 0.5327731092436975,
              "top15_jaccard": 0.2,
              "acc_change": -0.9263
            }
          }
        }
      ],
      "per_class_acc": {
        "0": {
          "0": 1.0,
          "1": 1.0
        },
        "1": {
          "0": 0.0,
          "1": 0.0,
          "2": 1.0,
          "3": 1.0
        },
        "2": {
          "0": 0.0,
          "1": 0.0,
          "2": 0.0,
          "3": 0.0,
          "4": 0.6129,
          "5": 0.9999
        },
        "3": {
          "0": 0.0,
          "1": 0.0,
          "2": 0.0,
          "3": 0.0,
          "4": 0.0,
          "5": 0.0736,
          "6": 1.0
        }
      }
    },
    "Replay": {
      "transitions": [
        {
          "from": 0,
          "to": 1,
          "per_class": {
            "0": {
              "cosine": 0.9023280588351427,
              "kendall_tau": 0.7957937584803257,
              "top15_jaccard": 0.5,
              "acc_change": -0.0115
            },
            "1": {
              "cosine": 0.9803688766598991,
              "kendall_tau": 0.839291794347974,
              "top15_jaccard": 0.6666666666666666,
              "acc_change": -1.0
            }
          }
        },
        {
          "from": 1,
          "to": 2,
          "per_class": {
            "0": {
              "cosine": 0.8689632309602014,
              "kendall_tau": 0.5875169606512891,
              "top15_jaccard": 0.30434782608695654,
              "acc_change": -0.9883
            },
            "1": {
              "cosine": 0.9615738010481372,
              "kendall_tau": 0.7214845080013619,
              "top15_jaccard": 0.5,
              "acc_change": 0.5434
            },
            "2": {
              "cosine": 0.9320646285156138,
              "kendall_tau": 0.7861763704460333,
              "top15_jaccard": 0.42857142857142855,
              "acc_change": -0.0005
            },
            "3": {
              "cosine": 0.9308931983714028,
              "kendall_tau": 0.7303370786516853,
              "top15_jaccard": 0.5789473684210527,
              "acc_change": -0.2177
            }
          }
        },
        {
          "from": 2,
          "to": 3,
          "per_class": {
            "0": {
              "cosine": 0.917295822825319,
              "kendall_tau": 0.7584803256445048,
              "top15_jaccard": 0.5,
              "acc_change": 0.626
            },
            "1": {
              "cosine": 0.9753945321111733,
              "kendall_tau": 0.7575757575757575,
              "top15_jaccard": 0.42857142857142855,
              "acc_change": 0.4486
            },
            "2": {
              "cosine": 0.9628977650594515,
              "kendall_tau": 0.8004766768811711,
              "top15_jaccard": 0.6666666666666666,
              "acc_change": 0.0
            },
            "3": {
              "cosine": 0.9691365870943525,
              "kendall_tau": 0.7820905686074224,
              "top15_jaccard": 0.5789473684210527,
              "acc_change": -0.4502
            },
            "4": {
              "cosine": 0.9056543174426164,
              "kendall_tau": 0.765943012211669,
              "top15_jaccard": 0.7647058823529411,
              "acc_change": 0.3226
            },
            "5": {
              "cosine": 0.841958883246443,
              "kendall_tau": 0.6423529411764705,
              "top15_jaccard": 0.30434782608695654,
              "acc_change": -0.3107
            }
          }
        }
      ],
      "per_class_acc": {
        "0": {
          "0": 1.0,
          "1": 1.0
        },
        "1": {
          "0": 0.9885,
          "1": 0.0,
          "2": 1.0,
          "3": 1.0
        },
        "2": {
          "0": 0.0002,
          "1": 0.5434,
          "2": 0.9995,
          "3": 0.7823,
          "4": 0.6613,
          "5": 0.9994
        },
        "3": {
          "0": 0.6262,
          "1": 0.992,
          "2": 0.9995,
          "3": 0.3321,
          "4": 0.9839,
          "5": 0.6887,
          "6": 1.0
        }
      }
    },
    "Replay-DPMeans": {
      "transitions": [
        {
          "from": 0,
          "to": 1,
          "per_class": {
            "0": {
              "cosine": 0.9020818114324977,
              "kendall_tau": 0.7544097693351425,
              "top15_jaccard": 0.42857142857142855,
              "acc_change": -0.0052
            },
            "1": {
              "cosine": 0.9848846516361713,
              "kendall_tau": 0.8311201906707524,
              "top15_jaccard": 0.5789473684210527,
              "acc_change": -0.9995
            }
          }
        },
        {
          "from": 1,
          "to": 2,