{
  "config": {
    "dataset": "CIC-IDS-2017",
    "seed": 42,
    "tasks": [
      [
        0,
        1
      ],
      [
        2,
        3
      ],
      [
        4,
        5
      ],
      [
        6,
        7
      ]
    ],
    "n_explain": 200,
    "n_background": 100,
    "shap_nsamples": 200,
    "top_k": 15,
    "smoke": false,
    "attribution": "shap.GradientExplainer mean|SHAP|",
    "background": "fixed Task-0 train sample",
    "pilora_note": "explains head-path only; router excluded (P7)"
  },
  "methods": {
    "Naive": {
      "transitions": [
        {
          "from": 0,
          "to": 1,
          "per_class": {
            "0": {
              "cosine": 0.9793220804974486,
              "kendall_tau": 0.741913517194416,
              "top15_jaccard": 0.5,
              "acc_change": -0.8179
            },
            "1": {
              "cosine": 0.9799549226870717,
              "kendall_tau": 0.7725570309839972,
              "top15_jaccard": 0.42857142857142855,
              "acc_change": -0.9835
            }
          }
        },
        {
          "from": 1,
          "to": 2,
          "per_class": {
            "0": {
              "cosine": 0.8965403863744384,
              "kendall_tau": 0.7446373850868232,
              "top15_jaccard": 0.5,
              "acc_change": -0.1432
            },
            "1": {
              "cosine": 0.8995577388136707,
              "kendall_tau": 0.735103847463398,
              "top15_jaccard": 0.30434782608695654,
              "acc_change": -0.0161
            },
            "2": {
              "cosine": 0.6413928547500608,
              "kendall_tau": 0.6710929519918283,
              "top15_jaccard": 0.42857142857142855,
              "acc_change": -1.0
            },
            "3": {
              "cosine": 0.9079178871639899,
              "kendall_tau": 0.738508682328907,
              "top15_jaccard": 0.5789473684210527,
              "acc_change": -0.7185
            }
          }
        },
        {
          "from": 2,
          "to": 3,
          "per_class": {
            "0": {
              "cosine": 0.90505539859703,
              "kendall_tau": 0.7691521961184882,
              "top15_jaccard": 0.5789473684210527,
              "acc_change": 0.0037
            },
            "1": {
              "cosine": 0.8718548600962718,
              "kendall_tau": 0.8270343888321414,
              "top15_jaccard": 0.5789473684210527,
              "acc_change": 0.016
            },
            "2": {
              "cosine": 0.8759466950345725,
              "kendall_tau": 0.7745999319033027,
              "top15_jaccard": 0.42857142857142855,
              "acc_change": 0.0
            },
            "3": {
              "cosine": 0.8517094799982714,
              "kendall_tau": 0.7664283282260809,
              "top15_jaccard": 0.5,
              "acc_change": -0.2804
            },
            "4": {
              "cosine": 0.9504901209608495,
              "kendall_tau": 0.7664283282260809,
              "top15_jaccard": 0.36363636363636365,
              "acc_change": 0.0
            }
          }
        }
      ],
      "per_class_acc": {
        "0": {
          "0": 0.99,
          "1": 0.9996
        },
        "1": {
          "0": 0.1721,
          "1": 0.0161,
          "2": 1.0,
          "3": 0.9989
        },
        "2": {
          "0": 0.0289,
          "1": 0.0,
          "2": 0.0,
          "3": 0.2804,
          "4": 1.0
        },
        "3": {
          "0": 0.0326,
          "1": 0.016,
          "2": 0.0,
          "3": 0.0,
          "4": 1.0,
          "6": 0.0,
          "7": 0.0
        }
      }
    },
    "Replay": {
      "transitions": [
        {
          "from": 0,
          "to": 1,
          "per_class": {
            "0": {
              "cosine": 0.9818769417260202,
              "kendall_tau": 0.8188627851549198,
              "top15_jaccard": 0.5789473684210527,
              "acc_change": -0.1112
            },
            "1": {
              "cosine": 0.9715336407919025,
              "kendall_tau": 0.853592100783112,
              "top15_jaccard": 0.7647058823529411,
              "acc_change": -0.0352
            }
          }
        },
        {
          "from": 1,
          "to": 2,
          "per_class": {
            "0": {
              "cosine": 0.5397715219188575,
              "kendall_tau": 0.794347974123255,
              "top15_jaccard": 0.5789473684210527,
              "acc_change": -0.0358
            },
            "1": {
              "cosine": 0.9270282703131261,
              "kendall_tau": 0.7575757575757575,
              "top15_jaccard": 0.36363636363636365,
              "acc_change": -0.0688
            },
            "2": {
              "cosine": 0.8975636187882655,
              "kendall_tau": 0.7841334695267278,
              "top15_jaccard": 0.5789473684210527,
              "acc_change": -0.0031
            },
            "3": {
              "cosine": 0.907877967038744,
              "kendall_tau": 0.7459993190330267,
              "top15_jaccard": 0.5789473684210527,
              "acc_change": -0.0018
            }
          }
        },
        {
          "from": 2,
          "to": 3,
          "per_class": {
            "0": {
              "cosine": 0.9598247823945142,
              "kendall_tau": 0.8331630915900579,
              "top15_jaccard": 0.5789473684210527,
              "acc_change": -0.1116
            },
            "1": {
              "cosine": 0.9023708525330638,
              "kendall_tau": 0.8025195778004766,
              "top15_jaccard": 0.5,
              "acc_change": 0.0916
            },
            "2": {
              "cosine": 0.8973445791440098,
              "kendall_tau": 0.8399727613210759,
              "top15_jaccard": 0.5,
              "acc_change": 0.0006
            },
            "3": {
              "cosine": 0.9156718134582608,
              "kendall_tau": 0.8100102145045964,
              "top15_jaccard": 0.6666666666666666,
              "acc_change": -0.1702
            },
            "4": {
              "cosine": 0.9216865592139775,
              "kendall_tau": 0.7534899557371466,
              "top15_jaccard": 0.5,
              "acc_change": -0.1674
            }
          }
        }
      ],
      "per_class_acc": {
        "0": {
          "0": 0.99,
          "1": 0.9996
        },
        "1": {
          "0": 0.8788,
          "1": 0.9644,
          "2": 1.0,
          "3": 0.9993
        },
        "2": {
          "0": 0.843,
          "1": 0.8956,
          "2": 0.9969,
          "3": 0.9975,
          "4": 1.0
        },
        "3": {
          "0": 0.7315,
          "1": 0.9872,
          "2": 0.9975,
          "3": 0.8272,
          "4": 0.8326,
          "6": 0.0,
          "7": 0.0
        }
      }
    },
    "Replay-DPMeans": {
      "transitions": [
        {
          "from": 0,
          "to": 1,
          "per_class": {
            "0": {
              "cosine": 0.984381573103296,
              "kendall_tau": 0.8243105209397343,
              "top15_jaccard": 0.6666666666666666,
              "acc_change": -0.1373
            },
            "1": {
              "cosine": 0.9869604651263548,
              "kendall_tau": 0.8651685393258426,
              "top15_jaccard": 0.7647058823529411,
              "acc_change": -0.0259
            }
          }
        },
        {
          "from": 1,
          "to": 2,
          "per_class": {
            "0": {
              "cosine": 0.6594230688592985,
              "kendall_tau": 0.776642832822608,
              "top15_jaccard": 0.5789473684210527,
              "acc_change": -0.0621
            },
            "1": {
              "cosine": 0.9523858121078703,
              "kendall_tau": 0.7589376915219611,
              "top15_jaccard": 0.5,
              "acc_change": -0.0821
            },
            "2": {
              "cosine": 0.907377891175738,