{
  "datasets": [
    "CIC-IDS-2017",
    "CIC-IDS-2018",
    "NF-ToN-IoT-v2",
    "NSL-KDD",
    "UNSW-NB15"
  ],
  "seeds": {
    "CIC-IDS-2017": [
      0,
      1,
      2,
      3,
      42
    ],
    "CIC-IDS-2018": [
      0,
      1,
      2,
      3,
      42
    ],
    "NF-ToN-IoT-v2": [
      0,
      1,
      2,
      3,
      42
    ],
    "NSL-KDD": [
      0,
      1,
      2,
      3,
      42
    ],
    "UNSW-NB15": [
      0,
      1,
      2,
      3,
      42
    ]
  },
  "top_k": 15,
  "n_points": 1440,
  "jaccard_grid": [
    0.5,
    0.6,
    0.7,
    0.8
  ],
  "acc_drop_grid": [
    -0.02,
    -0.05,
    -0.1
  ],
  "tau_grid": [
    0.5,
    0.6,
    0.7,
    0.8
  ],
  "jaccard_cells": {
    "-0.02|0.5": {
      "Naive": 15.74074074074074,
      "Replay": 4.878048780487805,
      "Replay-DPMeans": 5.853658536585366,
      "PILoRA": 0.0
    },
    "-0.02|0.6": {
      "Naive": 37.5,
      "Replay": 22.926829268292682,
      "Replay-DPMeans": 25.365853658536587,
      "PILoRA": 0.0
    },
    "-0.02|0.7": {
      "Naive": 54.629629629629626,
      "Replay": 39.02439024390244,
      "Replay-DPMeans": 45.853658536585364,
      "PILoRA": 0.0
    },
    "-0.02|0.8": {
      "Naive": 73.61111111111111,
      "Replay": 64.39024390243902,
      "Replay-DPMeans": 66.82926829268293,
      "PILoRA": 0.0
    },
    "-0.05|0.5": {
      "Naive": 16.05504587155963,
      "Replay": 4.444444444444445,
      "Replay-DPMeans": 5.752212389380531,
      "PILoRA": 0.0
    },
    "-0.05|0.6": {
      "Naive": 37.61467889908257,
      "Replay": 22.22222222222222,
      "Replay-DPMeans": 25.663716814159294,
      "PILoRA": 0.0
    },
    "-0.05|0.7": {
      "Naive": 55.04587155963303,
      "Replay": 37.77777777777778,
      "Replay-DPMeans": 45.575221238938056,
      "PILoRA": 0.0
    },
    "-0.05|0.8": {
      "Naive": 73.85321100917432,
      "Replay": 64.88888888888889,
      "Replay-DPMeans": 69.02654867256638,
      "PILoRA": 0.0
    },
    "-0.1|0.5": {
      "Naive": 15.909090909090908,
      "Replay": 5.128205128205129,
      "Replay-DPMeans": 5.485232067510548,
      "PILoRA": 0.0
    },
    "-0.1|0.6": {
      "Naive": 37.27272727272727,
      "Replay": 23.076923076923077,
      "Replay-DPMeans": 26.582278481012658,
      "PILoRA": 0.0
    },
    "-0.1|0.7": {
      "Naive": 55.0,
      "Replay": 38.46153846153846,
      "Replay-DPMeans": 47.67932489451477,
      "PILoRA": 0.0
    },
    "-0.1|0.8": {
      "Naive": 73.63636363636364,
      "Replay": 65.38461538461539,
      "Replay-DPMeans": 70.042194092827,
      "PILoRA": 0.0
    }
  },
  "tau_cells": {
    "-0.02|0.5": {
      "Naive": 0.46296296296296297,
      "Replay": 0.0,
      "Replay-DPMeans": 0.0,
      "PILoRA": 0.0
    },
    "-0.02|0.6": {
      "Naive": 2.314814814814815,
      "Replay": 0.0,
      "Replay-DPMeans": 0.0,
      "PILoRA": 0.0
    },
    "-0.02|0.7": {
      "Naive": 9.722222222222221,
      "Replay": 0.4878048780487805,
      "Replay-DPMeans": 0.975609756097561,
      "PILoRA": 0.0
    },
    "-0.02|0.8": {
      "Naive": 27.77777777777778,
      "Replay": 18.536585365853657,
      "Replay-DPMeans": 17.5609756097561,
      "PILoRA": 0.0
    },
    "-0.05|0.5": {
      "Naive": 0.45871559633027525,
      "Replay": 0.0,
      "Replay-DPMeans": 0.0,
      "PILoRA": 0.0
    },
    "-0.05|0.6": {
      "Naive": 2.7522935779816513,
      "Replay": 0.0,
      "Replay-DPMeans": 0.0,
      "PILoRA": 0.0
    },
    "-0.05|0.7": {
      "Naive": 10.55045871559633,
      "Replay": 0.4444444444444444,
      "Replay-DPMeans": 0.8849557522123894,
      "PILoRA": 0.0
    },
    "-0.05|0.8": {
      "Naive": 28.440366972477065,
      "Replay": 18.22222222222222,
      "Replay-DPMeans": 17.256637168141594,
      "PILoRA": 0.0
    },
    "-0.1|0.5": {
      "Naive": 0.45454545454545453,
      "Replay": 0.0,
      "Replay-DPMeans": 0.0,
      "PILoRA": 0.0
    },
    "-0.1|0.6": {
      "Naive": 2.727272727272727,
      "Replay": 0.0,
      "Replay-DPMeans": 0.0,
      "PILoRA": 0.0
    },
    "-0.1|0.7": {
      "Naive": 10.454545454545455,
      "Replay": 0.42735042735042733,
      "Replay-DPMeans": 0.8438818565400844,
      "PILoRA": 0.0
    },
    "-0.1|0.8": {
      "Naive": 29.09090909090909,
      "Replay": 18.803418803418804,
      "Replay-DPMeans": 17.29957805907173,
      "PILoRA": 0.0
    }
  },
  "ordering_holds_all_jaccard_cells": true,
  "ordering_holds_all_tau_cells": true,
  "pilora_zero_all_jaccard_cells": true
}