{
  "config": {
    "dataset": "CIC-IDS-2017",
    "seed": 0,
    "tasks": [
      [
        0,
        1
      ],
      [
        2,
        3
      ],
      [
        4,
        5
      ],
      [
        6,
        7
      ]
    ],
    "n_explain": 200,
    "n_background": 100,
    "shap_nsamples": 200,
    "top_k": 15,
    "smoke": false,
    "attribution": "shap.GradientExplainer mean|SHAP|",
    "background": "fixed Task-0 train sample",
    "pilora_note": "explains head-path only; router excluded (P7)"
  },
  "methods": {
    "Naive": {
      "transitions": [
        {
          "from": 0,
          "to": 1,
          "per_class": {
            "0": {
              "cosine": 0.9125134424732358,
              "kendall_tau": 0.7732379979570989,
              "top15_jaccard": 0.5,
              "acc_change": -0.8817
            },
            "1": {
              "cosine": 0.8849667164752576,
              "kendall_tau": 0.7398706162751105,
              "top15_jaccard": 0.25,
              "acc_change": -0.997
            }
          }
        },
        {
          "from": 1,
          "to": 2,
          "per_class": {
            "0": {
              "cosine": 0.9018472502324077,
              "kendall_tau": 0.7916241062308477,
              "top15_jaccard": 0.5,
              "acc_change": -0.1094
            },
            "1": {
              "cosine": 0.7316585876242936,
              "kendall_tau": 0.7786857337419134,
              "top15_jaccard": 0.36363636363636365,
              "acc_change": -0.0016
            },
            "2": {
              "cosine": 0.7677669496300146,
              "kendall_tau": 0.7335164835164835,
              "top15_jaccard": 0.25,
              "acc_change": -1.0
            },
            "3": {
              "cosine": 0.6957800631606759,
              "kendall_tau": 0.7235274089206672,
              "top15_jaccard": 0.42857142857142855,
              "acc_change": -0.9993
            }
          }
        },
        {
          "from": 2,
          "to": 3,
          "per_class": {
            "0": {
              "cosine": 0.806947382250517,
              "kendall_tau": 0.8583588695948245,
              "top15_jaccard": 0.5789473684210527,
              "acc_change": 0.0569
            },
            "1": {
              "cosine": 0.9842748945721049,
              "kendall_tau": 0.9067075246850527,
              "top15_jaccard": 0.7647058823529411,
              "acc_change": 0.0006
            },
            "2": {
              "cosine": 0.958293421936681,
              "kendall_tau": 0.875,
              "top15_jaccard": 0.7647058823529411,
              "acc_change": 0.0
            },
            "3": {
              "cosine": 0.9607433454536954,
              "kendall_tau": 0.8658495062989443,
              "top15_jaccard": 0.5789473684210527,
              "acc_change": 0.0
            },
            "4": {
              "cosine": 0.9493589079996885,
              "kendall_tau": 0.8296703296703296,
              "top15_jaccard": 0.5,
              "acc_change": 0.0
            }
          }
        }
      ],
      "per_class_acc": {
        "0": {
          "0": 0.9915,
          "1": 0.9986
        },
        "1": {
          "0": 0.1099,
          "1": 0.0016,
          "2": 1.0,
          "3": 0.9993
        },
        "2": {
          "0": 0.0005,
          "1": 0.0,
          "2": 0.0,
          "3": 0.0,
          "4": 1.0
        },
        "3": {
          "0": 0.0574,
          "1": 0.0006,
          "2": 0.0,
          "3": 0.0,
          "4": 1.0,
          "6": 0.0,
          "7": 0.0
        }
      }
    },
    "Replay": {
      "transitions": [
        {
          "from": 0,
          "to": 1,
          "per_class": {
            "0": {
              "cosine": 0.9672352548999968,
              "kendall_tau": 0.8072863466121892,
              "top15_jaccard": 0.5789473684210527,
              "acc_change": -0.1331
            },
            "1": {
              "cosine": 0.9094470153582542,
              "kendall_tau": 0.8638066053796389,
              "top15_jaccard": 0.5789473684210527,
              "acc_change": -0.1098
            }
          }
        },
        {
          "from": 1,
          "to": 2,
          "per_class": {
            "0": {
              "cosine": 0.788640264065525,
              "kendall_tau": 0.7854954034729315,
              "top15_jaccard": 0.6666666666666666,
              "acc_change": -0.0384
            },
            "1": {
              "cosine": 0.9310516804766403,
              "kendall_tau": 0.8072863466121892,
              "top15_jaccard": 0.6666666666666666,
              "acc_change": -0.0035
            },
            "2": {
              "cosine": 0.9328095799704368,
              "kendall_tau": 0.8482142857142857,
              "top15_jaccard": 0.6666666666666666,
              "acc_change": -0.003
            },
            "3": {
              "cosine": 0.9108712984516246,
              "kendall_tau": 0.8052434456928838,
              "top15_jaccard": 0.6666666666666666,
              "acc_change": -0.0014
            }
          }
        },
        {
          "from": 2,
          "to": 3,
          "per_class": {
            "0": {
              "cosine": 0.9842038303644076,
              "kendall_tau": 0.8787878787878787,
              "top15_jaccard": 0.5789473684210527,
              "acc_change": -0.0747
            },
            "1": {
              "cosine": 0.9766934053973618,
              "kendall_tau": 0.8978549540347291,
              "top15_jaccard": 0.7647058823529411,
              "acc_change": 0.0879
            },
            "2": {
              "cosine": 0.9145623477404484,
              "kendall_tau": 0.8324175824175825,
              "top15_jaccard": 0.6666666666666666,
              "acc_change": -0.0043
            },
            "3": {
              "cosine": 0.9431003867637306,
              "kendall_tau": 0.8372488934286686,
              "top15_jaccard": 0.875,
              "acc_change": -0.0036
            },
            "4": {
              "cosine": 0.9130412071005286,
              "kendall_tau": 0.7822802197802198,
              "top15_jaccard": 0.5,
              "acc_change": -0.3602
            }
          }
        }
      ],
      "per_class_acc": {
        "0": {
          "0": 0.9915,
          "1": 0.9986
        },
        "1": {
          "0": 0.8585,
          "1": 0.8888,
          "2": 1.0,
          "3": 0.9993
        },
        "2": {
          "0": 0.82,
          "1": 0.8853,
          "2": 0.997,
          "3": 0.9978,
          "4": 0.9999
        },
        "3": {
          "0": 0.7453,
          "1": 0.9732,
          "2": 0.9927,
          "3": 0.9942,
          "4": 0.6397,
          "6": 0.9923,
          "7": 0.0
        }
      }
    },
    "Replay-DPMeans": {
      "transitions": [
        {
          "from": 0,
          "to": 1,
          "per_class": {
            "0": {
              "cosine": 0.9758435938191338,
              "kendall_tau": 0.818181818181818,
              "top15_jaccard": 0.5,
              "acc_change": -0.1536
            },
            "1": {
              "cosine": 0.9489400013516057,
              "kendall_tau": 0.8583588695948245,
              "top15_jaccard": 0.5789473684210527,
              "acc_change": -0.0238
            }
          }
        },
        {
          "from": 1,
          "to": 2,
          "per_class": {
            "0": {
              "cosine": 0.8654901391238453,
              "kendall_tau": 0.829077289751447,
              "top15_jaccard": 0.5789473684210527,
              "acc_change": -0.0318
            },
            "1": {
              "cosine": 0.9208830732746065,
              "kendall_tau": 0.8576779026217227,
              "top15_jaccard": 0.6666666666666666,
              "acc_change": -0.0999
            },
            "2": {
              "cosine": 0.8528573766184613,