{
  "config": {
    "dataset": "NSL-KDD",
    "seed": 3,
    "tasks": [
      [
        0,
        1
      ],
      [
        2
      ],
      [
        3
      ],
      [
        4
      ]
    ],
    "n_explain": 200,
    "n_background": 100,
    "shap_nsamples": 200,
    "top_k": 15,
    "smoke": false,
    "attribution": "shap.GradientExplainer mean|SHAP|",
    "background": "fixed Task-0 train sample",
    "pilora_note": "explains head-path only; router excluded (P7)"
  },
  "methods": {
    "Naive": {
      "transitions": [
        {
          "from": 0,
          "to": 1,
          "per_class": {
            "0": {
              "cosine": 0.7244832337148392,
              "kendall_tau": 0.7569850552306692,
              "top15_jaccard": 0.5,
              "acc_change": -0.9552
            },
            "1": {
              "cosine": 0.6793476563045163,
              "kendall_tau": 0.7497789566755083,
              "top15_jaccard": 0.25,
              "acc_change": -0.8578
            }
          }
        },
        {
          "from": 1,
          "to": 2,
          "per_class": {
            "0": {
              "cosine": 0.9798717791933682,
              "kendall_tau": 0.912930474333983,
              "top15_jaccard": 0.875,
              "acc_change": 0.0005
            },
            "1": {
              "cosine": 0.9319696168931283,
              "kendall_tau": 0.8373121131741821,
              "top15_jaccard": 0.5,
              "acc_change": 0.0405
            },
            "2": {
              "cosine": 0.8174409087697366,
              "kendall_tau": 0.8217566478646254,
              "top15_jaccard": 0.5,
              "acc_change": 0.0
            }
          }
        },
        {
          "from": 2,
          "to": 3,
          "per_class": {
            "0": {
              "cosine": 0.998073177681077,
              "kendall_tau": 0.9834307992202728,
              "top15_jaccard": 1.0,
              "acc_change": 0.0072
            },
            "1": {
              "cosine": 0.9960970855439594,
              "kendall_tau": 0.9566755083996462,
              "top15_jaccard": 0.7647058823529411,
              "acc_change": 0.0015
            },
            "2": {
              "cosine": 0.9879008328633437,
              "kendall_tau": 0.9474617244157938,
              "top15_jaccard": 0.5789473684210527,
              "acc_change": 0.0
            },
            "3": {
              "cosine": 0.9970353784542102,
              "kendall_tau": 0.9574401502112346,
              "top15_jaccard": 0.875,
              "acc_change": 0.0
            }
          }
        }
      ],
      "per_class_acc": {
        "0": {
          "0": 0.9552,
          "1": 0.8578
        },
        "1": {
          "0": 0.0,
          "1": 0.0,
          "2": 1.0
        },
        "2": {
          "0": 0.0005,
          "1": 0.0405,
          "2": 1.0,
          "3": 0.0
        },
        "3": {
          "0": 0.0077,
          "1": 0.042,
          "2": 1.0,
          "3": 0.0,
          "4": 0.0
        }
      }
    },
    "Replay": {
      "transitions": [
        {
          "from": 0,
          "to": 1,
          "per_class": {
            "0": {
              "cosine": 0.8605962498734308,
              "kendall_tau": 0.8352826510721246,
              "top15_jaccard": 0.5789473684210527,
              "acc_change": -0.0845
            },
            "1": {
              "cosine": 0.8989239822190478,
              "kendall_tau": 0.8143236074270556,
              "top15_jaccard": 0.7647058823529411,
              "acc_change": -0.3908
            }
          }
        },
        {
          "from": 1,
          "to": 2,
          "per_class": {
            "0": {
              "cosine": 0.9656354760723046,
              "kendall_tau": 0.9048083170890188,
              "top15_jaccard": 0.7647058823529411,
              "acc_change": -0.0288
            },
            "1": {
              "cosine": 0.9667368701383078,
              "kendall_tau": 0.8488063660477452,
              "top15_jaccard": 0.6666666666666666,
              "acc_change": 0.3414
            },
            "2": {
              "cosine": 0.8298485776708485,
              "kendall_tau": 0.8253021756647865,
              "top15_jaccard": 0.36363636363636365,
              "acc_change": -0.2627
            }
          }
        },
        {
          "from": 2,
          "to": 3,
          "per_class": {
            "0": {
              "cosine": 0.9877321409311759,
              "kendall_tau": 0.9411955815464587,
              "top15_jaccard": 0.7647058823529411,
              "acc_change": 0.048
            },
            "1": {
              "cosine": 0.9911074977400035,
              "kendall_tau": 0.9121721190686707,
              "top15_jaccard": 0.7647058823529411,
              "acc_change": 0.0346
            },
            "2": {
              "cosine": 0.9824948602296008,
              "kendall_tau": 0.9464947622884772,
              "top15_jaccard": 0.875,
              "acc_change": 0.0987
            },
            "3": {
              "cosine": 0.9866441541255802,
              "kendall_tau": 0.9399155061805666,
              "top15_jaccard": 1.0,
              "acc_change": -0.0842
            }
          }
        }
      ],
      "per_class_acc": {
        "0": {
          "0": 0.9552,
          "1": 0.8578
        },
        "1": {
          "0": 0.8707,
          "1": 0.467,
          "2": 0.9422
        },
        "2": {
          "0": 0.8418,
          "1": 0.8084,
          "2": 0.6795,
          "3": 0.5678
        },
        "3": {
          "0": 0.8898,
          "1": 0.843,
          "2": 0.7782,
          "3": 0.4835,
          "4": 0.0
        }
      }
    },
    "Replay-DPMeans": {
      "transitions": [
        {
          "from": 0,
          "to": 1,
          "per_class": {
            "0": {
              "cosine": 0.8551125997291218,
              "kendall_tau": 0.8482781026640674,
              "top15_jaccard": 0.5,
              "acc_change": -0.0863
            },
            "1": {
              "cosine": 0.8953838073029892,
              "kendall_tau": 0.8054818744473916,
              "top15_jaccard": 0.7647058823529411,
              "acc_change": -0.4008
            }
          }
        },
        {
          "from": 1,
          "to": 2,
          "per_class": {
            "0": {
              "cosine": 0.9713852891462365,
              "kendall_tau": 0.9051332033788172,
              "top15_jaccard": 0.875,
              "acc_change": -0.0188
            },
            "1": {
              "cosine": 0.965148591551805,
              "kendall_tau": 0.833480695549661,
              "top15_jaccard": 0.5789473684210527,
              "acc_change": 0.3308
            },
            "2": {
              "cosine": 0.848210657874059,
              "kendall_tau": 0.8236905721192587,
              "top15_jaccard": 0.42857142857142855,
              "acc_change": -0.204
            }
          }
        },
        {
          "from": 2,
          "to": 3,
          "per_class": {
            "0": {
              "cosine": 0.9883279515214477,
              "kendall_tau": 0.9558154645873943,
              "top15_jaccard": 0.875,
              "acc_change": 0.037
            },
            "1": {
              "cosine": 0.9906456294407048,
              "kendall_tau": 0.9322133804892424,
              "top15_jaccard": 0.7647058823529411,
              "acc_change": 0.0379
            },
            "2": {
              "cosine": 0.9798136934724851,
              "kendall_tau": 0.951007252215955,
              "top15_jaccard": 0.875,
              "acc_change": 0.0
            },
            "3": {
              "cosine": 0.9897755448290354,
              "kendall_tau": 0.9320920043811612,
              "top15_jaccard": 0.7647058823529411,
              "acc_change": -0.164
            }
          }
        }
      ],