{
  "config": {
    "dataset": "CIC-IDS-2017",
    "seed": 3,
    "tasks": [
      [
        0,
        1
      ],
      [
        2,
        3
      ],
      [
        4,
        5
      ],
      [
        6,
        7
      ]
    ],
    "n_explain": 200,
    "n_background": 100,
    "shap_nsamples": 200,
    "top_k": 15,
    "smoke": false,
    "attribution": "shap.GradientExplainer mean|SHAP|",
    "background": "fixed Task-0 train sample",
    "pilora_note": "explains head-path only; router excluded (P7)"
  },
  "methods": {
    "Naive": {
      "transitions": [
        {
          "from": 0,
          "to": 1,
          "per_class": {
            "0": {
              "cosine": 0.9706124452901557,
              "kendall_tau": 0.7017364657814096,
              "top15_jaccard": 0.36363636363636365,
              "acc_change": -0.8258
            },
            "1": {
              "cosine": 0.9199538862270712,
              "kendall_tau": 0.7065032345931221,
              "top15_jaccard": 0.36363636363636365,
              "acc_change": -0.9981
            }
          }
        },
        {
          "from": 1,
          "to": 2,
          "per_class": {
            "0": {
              "cosine": 0.8287953550393428,
              "kendall_tau": 0.7997957099080695,
              "top15_jaccard": 0.5,
              "acc_change": -0.1636
            },
            "1": {
              "cosine": 0.694056401430412,
              "kendall_tau": 0.7623425263874701,
              "top15_jaccard": 0.42857142857142855,
              "acc_change": -0.0014
            },
            "2": {
              "cosine": 0.5780761055991659,
              "kendall_tau": 0.6254681647940075,
              "top15_jaccard": 0.1111111111111111,
              "acc_change": -0.9996
            },
            "3": {
              "cosine": 0.7574650483726982,
              "kendall_tau": 0.741913517194416,
              "top15_jaccard": 0.42857142857142855,
              "acc_change": -0.7188
            }
          }
        },
        {
          "from": 2,
          "to": 3,
          "per_class": {
            "0": {
              "cosine": 0.87643000981833,
              "kendall_tau": 0.8345250255362614,
              "top15_jaccard": 0.5789473684210527,
              "acc_change": 0.1209
            },
            "1": {
              "cosine": 0.9558186458091488,
              "kendall_tau": 0.8563159686755192,
              "top15_jaccard": 0.7647058823529411,
              "acc_change": 0.0012
            },
            "2": {
              "cosine": 0.8481937633598061,
              "kendall_tau": 0.7691521961184882,
              "top15_jaccard": 0.36363636363636365,
              "acc_change": 0.5036
            },
            "3": {
              "cosine": 0.9453366483114104,
              "kendall_tau": 0.8426966292134831,
              "top15_jaccard": 0.5789473684210527,
              "acc_change": 0.0101
            },
            "4": {
              "cosine": 0.8588728712987065,
              "kendall_tau": 0.7929860401770513,
              "top15_jaccard": 0.36363636363636365,
              "acc_change": -0.0126
            }
          }
        }
      ],
      "per_class_acc": {
        "0": {
          "0": 0.9899,
          "1": 0.9995
        },
        "1": {
          "0": 0.1641,
          "1": 0.0014,
          "2": 1.0,
          "3": 0.9993
        },
        "2": {
          "0": 0.0005,
          "1": 0.0,
          "2": 0.0004,
          "3": 0.2804,
          "4": 1.0
        },
        "3": {
          "0": 0.1214,
          "1": 0.0012,
          "2": 0.504,
          "3": 0.2906,
          "4": 0.9874,
          "6": 0.0,
          "7": 0.0
        }
      }
    },
    "Replay": {
      "transitions": [
        {
          "from": 0,
          "to": 1,
          "per_class": {
            "0": {
              "cosine": 0.9856689187412104,
              "kendall_tau": 0.818181818181818,
              "top15_jaccard": 0.7647058823529411,
              "acc_change": -0.1254
            },
            "1": {
              "cosine": 0.9505715332450353,
              "kendall_tau": 0.8304392236976506,
              "top15_jaccard": 0.7647058823529411,
              "acc_change": -0.0313
            }
          }
        },
        {
          "from": 1,
          "to": 2,
          "per_class": {
            "0": {
              "cosine": 0.7596509273998833,
              "kendall_tau": 0.8127340823970036,
              "top15_jaccard": 0.5789473684210527,
              "acc_change": -0.0275
            },
            "1": {
              "cosine": 0.8641171607490418,
              "kendall_tau": 0.738508682328907,
              "top15_jaccard": 0.36363636363636365,
              "acc_change": -0.0882
            },
            "2": {
              "cosine": 0.9385169666117072,
              "kendall_tau": 0.8352059925093632,
              "top15_jaccard": 0.5789473684210527,
              "acc_change": -0.0033
            },
            "3": {
              "cosine": 0.8630277080401301,
              "kendall_tau": 0.7827715355805243,
              "top15_jaccard": 0.6666666666666666,
              "acc_change": -0.0022
            }
          }
        },
        {
          "from": 2,
          "to": 3,
          "per_class": {
            "0": {
              "cosine": 0.9847652979549373,
              "kendall_tau": 0.895131086142322,
              "top15_jaccard": 0.7647058823529411,
              "acc_change": -0.1115
            },
            "1": {
              "cosine": 0.9607345422091677,
              "kendall_tau": 0.801157643854273,
              "top15_jaccard": 0.5,
              "acc_change": 0.0862
            },
            "2": {
              "cosine": 0.9551435984879376,
              "kendall_tau": 0.8454204971058902,
              "top15_jaccard": 0.5789473684210527,
              "acc_change": 0.0014
            },
            "3": {
              "cosine": 0.9671319859363173,
              "kendall_tau": 0.8481443649982975,
              "top15_jaccard": 0.6666666666666666,
              "acc_change": 0.0014
            },
            "4": {
              "cosine": 0.9446859896673965,
              "kendall_tau": 0.8120531154239018,
              "top15_jaccard": 0.5789473684210527,
              "acc_change": -0.2819
            }
          }
        }
      ],
      "per_class_acc": {
        "0": {
          "0": 0.9899,
          "1": 0.9995
        },
        "1": {
          "0": 0.8645,
          "1": 0.9682,
          "2": 1.0,
          "3": 0.9993
        },
        "2": {
          "0": 0.837,
          "1": 0.88,
          "2": 0.9966,
          "3": 0.9971,
          "4": 0.9999
        },
        "3": {
          "0": 0.7256,
          "1": 0.9662,
          "2": 0.998,
          "3": 0.9986,
          "4": 0.7181,
          "6": 1.0,
          "7": 0.0
        }
      }
    },
    "Replay-DPMeans": {
      "transitions": [
        {
          "from": 0,
          "to": 1,
          "per_class": {
            "0": {
              "cosine": 0.9867347607943602,
              "kendall_tau": 0.8168198842356145,
              "top15_jaccard": 0.7647058823529411,
              "acc_change": -0.1574
            },
            "1": {
              "cosine": 0.965237485266604,
              "kendall_tau": 0.8365679264555668,
              "top15_jaccard": 0.7647058823529411,
              "acc_change": -0.017
            }
          }
        },
        {
          "from": 1,
          "to": 2,
          "per_class": {
            "0": {
              "cosine": 0.8141068478029901,
              "kendall_tau": 0.8209056860742253,
              "top15_jaccard": 0.5789473684210527,
              "acc_change": -0.0724
            },
            "1": {
              "cosine": 0.8850344214397368,
              "kendall_tau": 0.8140960163432073,
              "top15_jaccard": 0.5789473684210527,