{
  "config": {
    "dataset": "CIC-IDS-2018",
    "seed": 42,
    "tasks": [
      [
        0,
        1
      ],
      [
        2,
        3
      ],
      [
        4,
        5
      ],
      [
        6
      ]
    ],
    "n_explain": 200,
    "n_background": 100,
    "shap_nsamples": 200,
    "top_k": 15,
    "smoke": false,
    "attribution": "shap.GradientExplainer mean|SHAP|",
    "background": "fixed Task-0 train sample",
    "pilora_note": "explains head-path only; router excluded (P7)"
  },
  "methods": {
    "Naive": {
      "transitions": [
        {
          "from": 0,
          "to": 1,
          "per_class": {
            "0": {
              "cosine": 0.7960947837244008,
              "kendall_tau": 0.5665990534144693,
              "top15_jaccard": 0.30434782608695654,
              "acc_change": -0.9737
            },
            "1": {
              "cosine": 0.9787623056723839,
              "kendall_tau": 0.8025780189959295,
              "top15_jaccard": 0.7647058823529411,
              "acc_change": -1.0
            }
          }
        },
        {
          "from": 1,
          "to": 2,
          "per_class": {
            "0": {
              "cosine": 0.7604222401972637,
              "kendall_tau": 0.5314401622718053,
              "top15_jaccard": 0.25,
              "acc_change": -0.0263
            },
            "1": {
              "cosine": 0.733553745127357,
              "kendall_tau": 0.5827679782903664,
              "top15_jaccard": 0.30434782608695654,
              "acc_change": 0.0
            },
            "2": {
              "cosine": 0.8598579121343538,
              "kendall_tau": 0.7143826322930801,
              "top15_jaccard": 0.42857142857142855,
              "acc_change": -1.0
            },
            "3": {
              "cosine": 0.7932681973623852,
              "kendall_tau": 0.728629579375848,
              "top15_jaccard": 0.5,
              "acc_change": -1.0
            }
          }
        },
        {
          "from": 2,
          "to": 3,
          "per_class": {
            "0": {
              "cosine": 0.8546454670607522,
              "kendall_tau": 0.4482758620689655,
              "top15_jaccard": 0.25,
              "acc_change": 0.0
            },
            "1": {
              "cosine": 0.829637985911666,
              "kendall_tau": 0.6200814111261873,
              "top15_jaccard": 0.36363636363636365,
              "acc_change": 0.0
            },
            "2": {
              "cosine": 0.7834300771229197,
              "kendall_tau": 0.7021709633649933,
              "top15_jaccard": 0.42857142857142855,
              "acc_change": 0.0
            },
            "3": {
              "cosine": 0.8933805483119676,
              "kendall_tau": 0.6173677069199458,
              "top15_jaccard": 0.42857142857142855,
              "acc_change": 0.0
            },
            "4": {
              "cosine": 0.6865410165987188,
              "kendall_tau": 0.6504394861392834,
              "top15_jaccard": 0.30434782608695654,
              "acc_change": -0.6613
            },
            "5": {
              "cosine": 0.7559442796513601,
              "kendall_tau": 0.5300840336134454,
              "top15_jaccard": 0.25,
              "acc_change": -0.7484
            }
          }
        }
      ],
      "per_class_acc": {
        "0": {
          "0": 1.0,
          "1": 1.0
        },
        "1": {
          "0": 0.0263,
          "1": 0.0,
          "2": 1.0,
          "3": 1.0
        },
        "2": {
          "0": 0.0,
          "1": 0.0,
          "2": 0.0,
          "3": 0.0,
          "4": 0.6613,
          "5": 0.9995
        },
        "3": {
          "0": 0.0,
          "1": 0.0,
          "2": 0.0,
          "3": 0.0,
          "4": 0.0,
          "5": 0.2511,
          "6": 1.0
        }
      }
    },
    "Replay": {
      "transitions": [
        {
          "from": 0,
          "to": 1,
          "per_class": {
            "0": {
              "cosine": 0.9383535390589034,
              "kendall_tau": 0.751183231913455,
              "top15_jaccard": 0.5789473684210527,
              "acc_change": -0.0202
            },
            "1": {
              "cosine": 0.9832228298667283,
              "kendall_tau": 0.8507462686567165,
              "top15_jaccard": 0.875,
              "acc_change": -1.0
            }
          }
        },
        {
          "from": 1,
          "to": 2,
          "per_class": {
            "0": {
              "cosine": 0.7424883558173544,
              "kendall_tau": 0.513184584178499,
              "top15_jaccard": 0.30434782608695654,
              "acc_change": -0.9798
            },
            "1": {
              "cosine": 0.9530023007501632,
              "kendall_tau": 0.7048846675712348,
              "top15_jaccard": 0.5789473684210527,
              "acc_change": 0.992
            },
            "2": {
              "cosine": 0.9058146971313491,
              "kendall_tau": 0.7611940298507464,
              "top15_jaccard": 0.5789473684210527,
              "acc_change": -0.0005
            },
            "3": {
              "cosine": 0.8767890988740928,
              "kendall_tau": 0.7259158751696065,
              "top15_jaccard": 0.5,
              "acc_change": -0.6679
            }
          }
        },
        {
          "from": 2,
          "to": 3,
          "per_class": {
            "0": {
              "cosine": 0.978888428097377,
              "kendall_tau": 0.779580797836376,
              "top15_jaccard": 0.7647058823529411,
              "acc_change": 0.6037
            },
            "1": {
              "cosine": 0.9629382317972409,
              "kendall_tau": 0.7754409769335143,
              "top15_jaccard": 0.5,
              "acc_change": -0.5448
            },
            "2": {
              "cosine": 0.8783904911186532,
              "kendall_tau": 0.8215739484396201,
              "top15_jaccard": 0.5789473684210527,
              "acc_change": 0.0
            },
            "3": {
              "cosine": 0.969686072262504,
              "kendall_tau": 0.7679782903663501,
              "top15_jaccard": 0.6666666666666666,
              "acc_change": 0.5238
            },
            "4": {
              "cosine": 0.9357842730496155,
              "kendall_tau": 0.7991886409736308,
              "top15_jaccard": 0.7647058823529411,
              "acc_change": 0.4086
            },
            "5": {
              "cosine": 0.8640476256817209,
              "kendall_tau": 0.7310924369747898,
              "top15_jaccard": 0.42857142857142855,
              "acc_change": -0.2697
            }
          }
        }
      ],
      "per_class_acc": {
        "0": {
          "0": 1.0,
          "1": 1.0
        },
        "1": {
          "0": 0.9798,
          "1": 0.0,
          "2": 1.0,
          "3": 1.0
        },
        "2": {
          "0": 0.0,
          "1": 0.992,
          "2": 0.9995,
          "3": 0.3321,
          "4": 0.5753,
          "5": 0.9994
        },
        "3": {
          "0": 0.6037,
          "1": 0.4472,
          "2": 0.9995,
          "3": 0.8559,
          "4": 0.9839,
          "5": 0.7297,
          "6": 1.0
        }
      }
    },
    "Replay-DPMeans": {
      "transitions": [
        {
          "from": 0,
          "to": 1,
          "per_class": {
            "0": {
              "cosine": 0.9410067961739148,
              "kendall_tau": 0.7322515212981744,
              "top15_jaccard": 0.5789473684210527,
              "acc_change": -0.0219
            },
            "1": {
              "cosine": 0.9841639824130842,
              "kendall_tau": 0.8392130257801901,
              "top15_jaccard": 0.875,
              "acc_change": -1.0
            }
          }
        },
        {
          "from": 1,
          "to": 2,
          "per_class": {
            "0": {
              "cosine": 0.8027797544924693,