{
  "config": {
    "dataset": "NSL-KDD",
    "seed": 42,
    "tasks": [
      [
        0,
        1
      ],
      [
        2
      ],
      [
        3
      ],
      [
        4
      ]
    ],
    "n_explain": 200,
    "n_background": 100,
    "shap_nsamples": 200,
    "top_k": 15,
    "smoke": false,
    "attribution": "shap.GradientExplainer mean|SHAP|",
    "background": "fixed Task-0 train sample",
    "pilora_note": "explains head-path only; router excluded (P7)"
  },
  "methods": {
    "Naive": {
      "transitions": [
        {
          "from": 0,
          "to": 1,
          "per_class": {
            "0": {
              "cosine": 0.7814483189189589,
              "kendall_tau": 0.8183421516754851,
              "top15_jaccard": 0.5789473684210527,
              "acc_change": -0.9895
            },
            "1": {
              "cosine": 0.7110389593709192,
              "kendall_tau": 0.806421735103427,
              "top15_jaccard": 0.30434782608695654,
              "acc_change": -0.8534
            }
          }
        },
        {
          "from": 1,
          "to": 2,
          "per_class": {
            "0": {
              "cosine": 0.96028336091389,
              "kendall_tau": 0.9142857142857143,
              "top15_jaccard": 0.6666666666666666,
              "acc_change": 0.0138
            },
            "1": {
              "cosine": 0.92807273055815,
              "kendall_tau": 0.8746526705773385,
              "top15_jaccard": 0.5,
              "acc_change": 0.0
            },
            "2": {
              "cosine": 0.9041429123879158,
              "kendall_tau": 0.8852203975799482,
              "top15_jaccard": 0.5,
              "acc_change": 0.0
            }
          }
        },
        {
          "from": 2,
          "to": 3,
          "per_class": {
            "0": {
              "cosine": 0.9974708511518369,
              "kendall_tau": 0.980599647266314,
              "top15_jaccard": 0.875,
              "acc_change": -0.0022
            },
            "1": {
              "cosine": 0.9926513694788264,
              "kendall_tau": 0.9543068848410001,
              "top15_jaccard": 0.5789473684210527,
              "acc_change": 0.0043
            },
            "2": {
              "cosine": 0.9926983901315486,
              "kendall_tau": 0.9609334485738983,
              "top15_jaccard": 0.875,
              "acc_change": 0.0
            },
            "3": {
              "cosine": 0.9979940572384175,
              "kendall_tau": 0.966464995678479,
              "top15_jaccard": 1.0,
              "acc_change": 0.0
            }
          }
        }
      ],
      "per_class_acc": {
        "0": {
          "0": 0.9895,
          "1": 0.8534
        },
        "1": {
          "0": 0.0,
          "1": 0.0,
          "2": 1.0
        },
        "2": {
          "0": 0.0138,
          "1": 0.0,
          "2": 1.0,
          "3": 0.0
        },
        "3": {
          "0": 0.0116,
          "1": 0.0043,
          "2": 1.0,
          "3": 0.0,
          "4": 0.0
        }
      }
    },
    "Replay": {
      "transitions": [
        {
          "from": 0,
          "to": 1,
          "per_class": {
            "0": {
              "cosine": 0.8804051500092656,
              "kendall_tau": 0.868783068783069,
              "top15_jaccard": 0.5789473684210527,
              "acc_change": -0.1208
            },
            "1": {
              "cosine": 0.9009700795164922,
              "kendall_tau": 0.8518061129978387,
              "top15_jaccard": 0.5789473684210527,
              "acc_change": -0.468
            }
          }
        },
        {
          "from": 1,
          "to": 2,
          "per_class": {
            "0": {
              "cosine": 0.9636824477117956,
              "kendall_tau": 0.9347442680776016,
              "top15_jaccard": 0.7647058823529411,
              "acc_change": -0.0324
            },
            "1": {
              "cosine": 0.9274782323867262,
              "kendall_tau": 0.8755788823711022,
              "top15_jaccard": 0.5789473684210527,
              "acc_change": 0.3736
            },
            "2": {
              "cosine": 0.8475725462470777,
              "kendall_tau": 0.8267934312878135,
              "top15_jaccard": 0.25,
              "acc_change": -0.2148
            }
          }
        },
        {
          "from": 2,
          "to": 3,
          "per_class": {
            "0": {
              "cosine": 0.9895937186707239,
              "kendall_tau": 0.9650793650793652,
              "top15_jaccard": 0.875,
              "acc_change": 0.0789
            },
            "1": {
              "cosine": 0.9802823579003992,
              "kendall_tau": 0.915405989502933,
              "top15_jaccard": 0.875,
              "acc_change": 0.0733
            },
            "2": {
              "cosine": 0.9832371001082406,
              "kendall_tau": 0.9346585998271394,
              "top15_jaccard": 0.5,
              "acc_change": 0.0566
            },
            "3": {
              "cosine": 0.9745035471808188,
              "kendall_tau": 0.9540190146931722,
              "top15_jaccard": 0.875,
              "acc_change": -0.4444
            }
          }
        }
      ],
      "per_class_acc": {
        "0": {
          "0": 0.9895,
          "1": 0.8534
        },
        "1": {
          "0": 0.8687,
          "1": 0.3854,
          "2": 0.9352
        },
        "2": {
          "0": 0.8363,
          "1": 0.759,
          "2": 0.7204,
          "3": 0.9286
        },
        "3": {
          "0": 0.9151,
          "1": 0.8323,
          "2": 0.777,
          "3": 0.4842,
          "4": 0.1343
        }
      }
    },
    "Replay-DPMeans": {
      "transitions": [
        {
          "from": 0,
          "to": 1,
          "per_class": {
            "0": {
              "cosine": 0.8943270816837475,
              "kendall_tau": 0.8906525573192241,
              "top15_jaccard": 0.5789473684210527,
              "acc_change": -0.1203
            },
            "1": {
              "cosine": 0.8728405107501273,
              "kendall_tau": 0.8505711639394874,
              "top15_jaccard": 0.5789473684210527,
              "acc_change": -0.4084
            }
          }
        },
        {
          "from": 1,
          "to": 2,
          "per_class": {
            "0": {
              "cosine": 0.9441561366393356,
              "kendall_tau": 0.9319223985890653,
              "top15_jaccard": 0.7647058823529411,
              "acc_change": -0.044
            },
            "1": {
              "cosine": 0.924929341676938,
              "kendall_tau": 0.8758876196356898,
              "top15_jaccard": 0.5789473684210527,
              "acc_change": 0.3391
            },
            "2": {
              "cosine": 0.9480072336126717,
              "kendall_tau": 0.8703543647363875,
              "top15_jaccard": 0.42857142857142855,
              "acc_change": -0.2342
            }
          }
        },
        {
          "from": 2,
          "to": 3,
          "per_class": {
            "0": {
              "cosine": 0.9839297833486875,
              "kendall_tau": 0.9580246913580248,
              "top15_jaccard": 1.0,
              "acc_change": 0.0942
            },
            "1": {
              "cosine": 0.9809875508560528,
              "kendall_tau": 0.9317690645260882,
              "top15_jaccard": 0.7647058823529411,
              "acc_change": 0.0231
            },
            "2": {
              "cosine": 0.9888125122726616,
              "kendall_tau": 0.9242869490060504,
              "top15_jaccard": 0.5789473684210527,
              "acc_change": 0.0702
            },
            "3": {
              "cosine": 0.9726429108737404,
              "kendall_tau": 0.9450302506482283,
              "top15_jaccard": 0.875,
              "acc_change": -0.2347
            }
          }
        }
      ],