{
  "config": {
    "dataset": "CIC-IDS-2018",
    "seed": 1,
    "tasks": [
      [
        0,
        1
      ],
      [
        2,
        3
      ],
      [
        4,
        5
      ],
      [
        6
      ]
    ],
    "n_explain": 200,
    "n_background": 100,
    "shap_nsamples": 200,
    "top_k": 15,
    "smoke": false,
    "attribution": "shap.GradientExplainer mean|SHAP|",
    "background": "fixed Task-0 train sample",
    "pilora_note": "explains head-path only; router excluded (P7)"
  },
  "methods": {
    "Naive": {
      "transitions": [
        {
          "from": 0,
          "to": 1,
          "per_class": {
            "0": {
              "cosine": 0.49121901231619025,
              "kendall_tau": 0.5583446404341927,
              "top15_jaccard": 0.2,
              "acc_change": -1.0
            },
            "1": {
              "cosine": 0.9721210054188413,
              "kendall_tau": 0.7503392130257802,
              "top15_jaccard": 0.36363636363636365,
              "acc_change": -1.0
            }
          }
        },
        {
          "from": 1,
          "to": 2,
          "per_class": {
            "0": {
              "cosine": 0.5398232481239684,
              "kendall_tau": 0.5549525101763908,
              "top15_jaccard": 0.36363636363636365,
              "acc_change": 0.0
            },
            "1": {
              "cosine": 0.8652897412816298,
              "kendall_tau": 0.6451831750339213,
              "top15_jaccard": 0.30434782608695654,
              "acc_change": 0.0
            },
            "2": {
              "cosine": 0.7954080667212401,
              "kendall_tau": 0.7008141112618725,
              "top15_jaccard": 0.42857142857142855,
              "acc_change": -1.0
            },
            "3": {
              "cosine": 0.8770379300013545,
              "kendall_tau": 0.6777476255088196,
              "top15_jaccard": 0.42857142857142855,
              "acc_change": -1.0
            }
          }
        },
        {
          "from": 2,
          "to": 3,
          "per_class": {
            "0": {
              "cosine": 0.9428449400130694,
              "kendall_tau": 0.6370420624151968,
              "top15_jaccard": 0.36363636363636365,
              "acc_change": 0.0
            },
            "1": {
              "cosine": 0.9573795514506496,
              "kendall_tau": 0.7198100407055631,
              "top15_jaccard": 0.42857142857142855,
              "acc_change": 0.0
            },
            "2": {
              "cosine": 0.8937461203321426,
              "kendall_tau": 0.6594301221166893,
              "top15_jaccard": 0.36363636363636365,
              "acc_change": 0.0
            },
            "3": {
              "cosine": 0.9502792335113653,
              "kendall_tau": 0.7720488466757125,
              "top15_jaccard": 0.5789473684210527,
              "acc_change": 0.0
            },
            "4": {
              "cosine": 0.6522612441304,
              "kendall_tau": 0.6092265943012213,
              "top15_jaccard": 0.30434782608695654,
              "acc_change": -0.6129
            },
            "5": {
              "cosine": 0.6225098486305691,
              "kendall_tau": 0.5522689075630252,
              "top15_jaccard": 0.25,
              "acc_change": -0.9854
            }
          }
        }
      ],
      "per_class_acc": {
        "0": {
          "0": 1.0,
          "1": 1.0
        },
        "1": {
          "0": 0.0,
          "1": 0.0,
          "2": 1.0,
          "3": 1.0
        },
        "2": {
          "0": 0.0,
          "1": 0.0,
          "2": 0.0,
          "3": 0.0,
          "4": 0.6129,
          "5": 1.0
        },
        "3": {
          "0": 0.0,
          "1": 0.0,
          "2": 0.0,
          "3": 0.0,
          "4": 0.0,
          "5": 0.0146,
          "6": 1.0
        }
      }
    },
    "Replay": {
      "transitions": [
        {
          "from": 0,
          "to": 1,
          "per_class": {
            "0": {
              "cosine": 0.7963984785890891,
              "kendall_tau": 0.7089552238805971,
              "top15_jaccard": 0.42857142857142855,
              "acc_change": -0.007
            },
            "1": {
              "cosine": 0.9706924575063002,
              "kendall_tau": 0.8473541383989146,
              "top15_jaccard": 0.6666666666666666,
              "acc_change": -1.0
            }
          }
        },
        {
          "from": 1,
          "to": 2,
          "per_class": {
            "0": {
              "cosine": 0.9302591214097368,
              "kendall_tau": 0.6322930800542741,
              "top15_jaccard": 0.5,
              "acc_change": -0.9904
            },
            "1": {
              "cosine": 0.9814657278577388,
              "kendall_tau": 0.7388059701492538,
              "top15_jaccard": 0.7647058823529411,
              "acc_change": 0.5434
            },
            "2": {
              "cosine": 0.9039545174332391,
              "kendall_tau": 0.7625508819538671,
              "top15_jaccard": 0.5,
              "acc_change": -0.0005
            },
            "3": {
              "cosine": 0.9590355954064648,
              "kendall_tau": 0.7340569877883311,
              "top15_jaccard": 0.5789473684210527,
              "acc_change": -0.2177
            }
          }
        },
        {
          "from": 2,
          "to": 3,
          "per_class": {
            "0": {
              "cosine": 0.8702066883442028,
              "kendall_tau": 0.6947082767978291,
              "top15_jaccard": 0.5,
              "acc_change": 0.5283
            },
            "1": {
              "cosine": 0.9758464540039401,
              "kendall_tau": 0.7639077340569879,
              "top15_jaccard": 0.5789473684210527,
              "acc_change": 0.4486
            },
            "2": {
              "cosine": 0.959932227898078,
              "kendall_tau": 0.8310719131614654,
              "top15_jaccard": 0.5789473684210527,
              "acc_change": 0.0
            },
            "3": {
              "cosine": 0.9659910880056358,
              "kendall_tau": 0.8113975576662145,
              "top15_jaccard": 0.6666666666666666,
              "acc_change": -0.4502
            },
            "4": {
              "cosine": 0.8625578272015639,
              "kendall_tau": 0.7198100407055631,
              "top15_jaccard": 0.36363636363636365,
              "acc_change": 0.4247
            },
            "5": {
              "cosine": 0.6995538305041655,
              "kendall_tau": 0.6719327731092436,
              "top15_jaccard": 0.36363636363636365,
              "acc_change": -0.2509
            }
          }
        }
      ],
      "per_class_acc": {
        "0": {
          "0": 1.0,
          "1": 1.0
        },
        "1": {
          "0": 0.993,
          "1": 0.0,
          "2": 1.0,
          "3": 1.0
        },
        "2": {
          "0": 0.0026,
          "1": 0.5434,
          "2": 0.9995,
          "3": 0.7823,
          "4": 0.5699,
          "5": 0.9994
        },
        "3": {
          "0": 0.5309,
          "1": 0.992,
          "2": 0.9995,
          "3": 0.3321,
          "4": 0.9946,
          "5": 0.7485,
          "6": 1.0
        }
      }
    },
    "Replay-DPMeans": {
      "transitions": [
        {
          "from": 0,
          "to": 1,
          "per_class": {
            "0": {
              "cosine": 0.8387482453338584,
              "kendall_tau": 0.7808683853459973,
              "top15_jaccard": 0.5,
              "acc_change": -0.0044
            },
            "1": {
              "cosine": 0.9876879593532664,
              "kendall_tau": 0.8039348710990503,
              "top15_jaccard": 0.5789473684210527,
              "acc_change": -0.9995
            }
          }
        },
        {
          "from": 1,
          "to": 2,
          "per_class": {
            "0": {
              "cosine": 0.9046559509623624,