{
  "per_seed_rates": {
    "Naive": [
      45.45454545454545,
      53.333333333333336,
      48.83720930232558,
      69.76744186046511,
      58.13953488372093
    ],
    "Replay": [
      37.2093023255814,
      28.26086956521739,
      37.77777777777778,
      45.65217391304348,
      40.0
    ],
    "Replay-DPMeans": [
      40.0,
      48.888888888888886,
      43.18181818181818,
      39.130434782608695,
      56.52173913043478
    ],
    "PILoRA": [
      0.0,
      0.0,
      0.0,
      0.0,
      0.0
    ]
  },
  "seeds": [
    0,
    1,
    2,
    3,
    42
  ],
  "test": "paired t-test PILoRA vs baseline, Holm m=3, pooled over 5 datasets",
  "results": {
    "Naive": {
      "mean_baseline": 55.10641296687809,
      "mean_pilora": 0.0,
      "t": 12.993202719141777,
      "p_raw": 0.0002024548894445786,
      "cohens_d": 5.810736905086611,
      "wilcoxon_p": 0.0625,
      "p_holm": 0.0004425058376308806,
      "sig_holm": true
    },
    "Replay": {
      "mean_baseline": 37.78002471632401,
      "mean_pilora": 0.0,
      "t": 13.448380331619347,
      "p_raw": 0.0001768601408255959,
      "cohens_d": 6.014298521753448,
      "wilcoxon_p": 0.0625,
      "p_holm": 0.0004425058376308806,
      "sig_holm": true
    },
    "Replay-DPMeans": {
      "mean_baseline": 45.54457619675011,
      "mean_pilora": 0.0,
      "t": 14.083937344541765,
      "p_raw": 0.0001475019458769602,
      "cohens_d": 6.2985282586477815,
      "wilcoxon_p": 0.0625,
      "p_holm": 0.0004425058376308806,
      "sig_holm": true
    }
  }
}