{
  "dataset": "UNSW-NB15",
  "seed": 42,
  "class_order": [
    "Normal",
    "Generic",
    "Exploits",
    "Fuzzers",
    "DoS",
    "Reconnaissance",
    "Analysis",
    "Backdoor",
    "Shellcode",
    "Worms"
  ],
  "tasks": [
    [
      "Normal",
      "Generic"
    ],
    [
      "Exploits",
      "Fuzzers"
    ],
    [
      "DoS",
      "Reconnaissance"
    ],
    [
      "Analysis",
      "Backdoor"
    ],
    [
      "Shellcode",
      "Worms"
    ]
  ],
  "results": {
    "Joint (upper bound)": {
      "acc_matrix": [
        [
          NaN,
          NaN,
          NaN,
          NaN,
          NaN
        ],
        [
          NaN,
          NaN,
          NaN,
          NaN,
          NaN
        ],
        [
          NaN,
          NaN,
          NaN,
          NaN,
          NaN
        ],
        [
          NaN,
          NaN,
          NaN,
          NaN,
          NaN
        ],
        [
          0.8201213509691969,
          0.7557869024078167,
          0.381542518127884,
          0.025396825396825397,
          0.6374407582938388
        ]
      ],
      "avg_accuracy": 0.5240576710391124,
      "avg_forgetting": 0.0,
      "per_class_accuracy": [
        0.7454864864864865,
        0.9664564675957819,
        0.9239130434782609,
        0.44704717914879577,
        0.06725360723893373,
        0.7491418764302059,
        0.0,
        0.0548885077186964,
        0.7063492063492064,
        0.045454545454545456
      ],
      "time_sec": 71.37074780464172
    },
    "Naive (lower bound)": {
      "acc_matrix": [
        [
          0.9931986182456015,
          NaN,
          NaN,
          NaN,
          NaN
        ],
        [
          0.0,
          0.8761195765964871,
          NaN,
          NaN,
          NaN
        ],
        [
          0.0,
          0.0,
          0.9247198417930125,
          NaN,
          NaN
        ],
        [
          0.0,
          0.0,
          0.005141727092946605,
          0.5166666666666667,
          NaN
        ],
        [
          0.0,
          0.0,
          0.009624258404746209,
          0.48968253968253966,
          0.0
        ]
      ],
      "avg_accuracy": 0.09986135961745718,
      "avg_forgetting": 0.7028494763036204,
      "per_class_accuracy": [
        0.0,
        0.0,
        0.0,
        0.0,
        0.01785277573978968,
        0.0,
        0.24519940915805022,
        0.7735849056603774,
        0.0,
        0.0
      ],
      "time_sec": 12.53408694267273
    },
    "EWC": {
      "acc_matrix": [
        [
          0.9931986182456015,
          NaN,
          NaN,
          NaN,
          NaN
        ],
        [
          0.0,
          0.871815749680121,
          NaN,
          NaN,
          NaN
        ],
        [
          0.0,
          0.0027916715133185993,
          0.9235332893869479,
          NaN,
          NaN
        ],
        [
          0.07331173596320094,
          0.06339420728160987,
          0.030718523401450232,
          0.48333333333333334,
          NaN
        ],
        [
          0.03724651429185087,
          0.020065139001977435,
          0.33684904416611733,
          0.2388888888888889,
          0.0
        ]
      ],
      "avg_accuracy": 0.12660991726976692,
      "avg_forgetting": 0.6597078510742922,
      "per_class_accuracy": [
        0.05624324324324324,
        0.0,
        0.008264462809917356,
        0.0417354008578027,
        0.6248471508926388,
        0.0,
        0.27326440177252587,
        0.19897084048027444,
        0.0,
        0.0
      ],
      "time_sec": 14.041613340377808
    },
    "LwF": {
      "acc_matrix": [
        [
          0.9931986182456015,
          NaN,
          NaN,
          NaN,
          NaN
        ],
        [
          0.0,
          0.8792020472257764,
          NaN,
          NaN,
          NaN
        ],
        [
          0.0,
          0.00017447946958241246,
          0.9245880026367831,
          NaN,
          NaN
        ],
        [
          0.0,
          0.0,
          0.008833223467369809,
          0.5198412698412699,
          NaN
        ],
        [
          0.0,
          0.0,
          0.002109426499670402,
          0.5531746031746032,
          0.0
        ]
      ],
      "avg_accuracy": 0.11105680593485472,
      "avg_forgetting": 0.6903864770687893,
      "per_class_accuracy": [
        0.0,
        0.0,
        0.0,
        0.0,
        0.003912937148447053,
        0.0,
        0.6676514032496307,
        0.4202401372212693,
        0.0,
        0.0
      ],
      "time_sec": 14.238260984420776
    },
    "Replay": {
      "acc_matrix": [
        [
          0.9931986182456015,
          NaN,
          NaN,
          NaN,
          NaN
        ],
        [
          0.5830752984553704,
          0.8765848551820402,
          NaN,
          NaN,
          NaN
        ],
        [
          0.6534338028673193,
          0.09288123764103758,
          0.9210283454185894,
          NaN,
          NaN
        ],
        [
          0.711871990836033,
          0.45230894498080726,
          0.18141067897165458,
          0.49047619047619045,
          NaN
        ],
        [
          0.7068783447584615,
          0.5767128067930674,
          0.13961766644693474,
          0.3404761904761905,
          0.22511848341232227
        ]
      ],
      "avg_accuracy": 0.39776069837739525,
      "avg_forgetting": 0.37940075021194186,
      "per_class_accuracy": [
        0.5762972972972973,
        0.9629060463144508,
        0.47098454904779014,
        0.7708677004289014,
        0.16214233308877476,
        0.11327231121281464,
        0.15805022156573117,
        0.5523156089193825,
        0.25132275132275134,
        0.0
      ],
      "time_sec": 12.75295615196228
    },
    "Replay-Herding": {
      "acc_matrix": [
        [
          0.9931986182456015,
          NaN,
          NaN,
          NaN,
          NaN
        ],
        [
          0.5543305113565177,
          0.8753634988949633,
          NaN,
          NaN,
          NaN
        ],
        [
          0.580354745753611,
          0.0569384669070606,
          0.9205009887936717,
          NaN,
          NaN
        ],
        [
          0.6092248214637289,
          0.44050250087239734,
          0.1872116018457482,
          0.49523809523809526,
          NaN
        ],
        [
          0.6502836892126506,
          0.5385599627777131,
          0.16967699406723796,
          0.3047619047619048,
          0.7796208530805687
        ]
      ],
      "avg_accuracy": 0.4885806807800151,
      "avg_forgetting": 0.40525466258820636,
      "per_class_accuracy": [
        0.5904864864864865,
        0.767526893116422,
        0.5071864893999282,
        0.5961728802375453,
        0.280997798972854,
        0.039473684210526314,
        0.14180206794682423,
        0.4939965694682676,
        0.8703703703703703,
        0.0
      ],
      "time_sec": 38.43691039085388
    },
    "Replay-DPMeans": {
      "acc_matrix": [
        [
          0.9931986182456015,
          NaN,
          NaN,
          NaN,
          NaN
        ],
        [
          0.580354745753611,
          0.8757124578341282,
          NaN,
          NaN,
          NaN
        ],
        [
          0.667913586654973,
          0.0718273816447598,
          0.9202373104812129,
          NaN,
          NaN
        ],
        [
          0.7134649460364053,
          0.37536349889496334,
          0.1825972313777192,
          0.4865079365079365,
          NaN
        ],
        [
          0.714986307744626,
          0.5739211352797488,
          0.15873434410019777,
          0.24682539682539684,
          0.0
        ]
      ],
      "avg_accuracy": 0.3388934367899939,
      "avg_forgetting": 0.3952972847797275,